REACTANT,REAGENT,PRODUCT
C1=CC2(C=C1)CCCC2.CC1=CCC2=C(C1)C(=O)C=CC2=O,,CC1=CCC2=C(C1)C(=O)C1C(C2=O)C2C=CC1C21CCCC1
O=C1C=CC(=O)O1.C=C(C)C1=CCCC(=O)N1C(C)C1=CC=CC=C1,,CC1=C2C(CCC(=O)N2C(C)C2=CC=CC=C2)C2C(=O)OC(=O)C2C1
ClC1=C(Cl)C(Cl)(Cl)C(Cl)=C1Cl.C=COC1=CC=C([N+](=O)[O-])C=C1,,O=[N+]([O-])C1=CC=C(OC2CC3(Cl)C(Cl)=C(Cl)C2(Cl)C3(Cl)Cl)C=C1
C1=CCC=C1.C=CC(=O)N1C(=O)N(C)C(C)C1C1CCCCC1,,CC1C(C2CCCCC2)N(C(=O)C2CC3C=CC2C3)C(=O)N1C
C1=CCC=C1.O=C(C=CC1=CC=CC=C1)C1=CC=CC=N1,,O=C(C1=CC=CC=N1)C1C2C=CC(C2)C1C1=CC=CC=C1
C1=CCSC=C1.O=C1C=CC(=O)N1C1=CC=CC=C1,,O=C1C2C3C=CC(SC3)C2C(=O)N1C1=CC=CC=C1
CC(C)C(=O)OC=CC(=O)N1C(=O)OCC1CC1=CC=CC=C1.C1=CCC=C1,,CC(C)C(=O)OC1C2C=CC(C2)C1C(=O)N1C(=O)OCC1CC1=CC=CC=C1
O=C1C=CC(=O)N1C1=CC=CC=C1.C=CC1=CCCN1S(=O)(=O)C1=CC=C(C)C=C1,,CC1=CC=C(S(=O)(=O)N2CCC3C2=CCC2C(=O)N(C4=CC=CC=C4)C(=O)C23)C=C1
C=C1C(=CCl)C2OC1C(CCl)C2CCl.N#CC(C#N)=C(C#N)C#N,,N#CC1(C#N)CC2=C(C3OC2C(CCl)C3CCl)C(Cl)C1(C#N)C#N
C=C(C=CN(CC1=CC=CC=C1)C(=O)OC)O[Si](C)(C)C(C)(C)C.CC=C(C)C=O,,COC(=O)N(CC1=CC=CC=C1)C1C=C(O[Si](C)(C)C(C)(C)C)CC(C)C1(C)C=O
C1=CCCC=C1.O=CC=CC1=CC=CC=C1,,O=CC1C2C=CC(CC2)C1C1=CC=CC=C1
CC(C)C1=CC=C(C=CC=O)C=C1.C1=CCC=C1,,CC(C)C1=CC=C(C2C3C=CC(C3)C2C=O)C=C1
CCOC(=O)C1=C2CC3C(C)(C=C2OC1=O)C1CC1C31COC(C)(C)O1.C=CC(C)=CCC=C(C)C,,CCOC(=O)C1=C2CC3C4(COC(C)(C)O4)C4CC4C3(C)C3CC=C(C)C(CC=C(C)C)C23OC1=O
C=CC(=C)C(F)(F)C(=O)C1=CC=CC=C1.CCOC(=O)C#CC(=O)OCC,,CCOC(=O)C1=C(C(=O)OCC)CC(C(F)(F)C(=O)C2=CC=CC=C2)=CC1
O=C1C(C2=CC=CC=C2)=C(C2=CC=CC=C2)C(C2=CC=CC=C2)=C1C1=CC=CC=C1.O=C(OCC1=CC=C([N+](=O)[O-])C=C1)C1=CCC2CC(=O)N12,,O=C1CC2CC3C4(C5=CC=CC=C5)C(=O)C(C5=CC=CC=C5)(C(C5=CC=CC=C5)=C4C4=CC=CC=C4)C3(C(=O)OCC3=CC=C([N+](=O)[O-])C=C3)N12
C1=CCCC=C1.O=C(C=CC(=O)C1=CC=C(F)C=C1)C1=CC=C(F)C=C1,,O=C(C1=CC=C(F)C=C1)C1C2C=CC(CC2)C1C(=O)C1=CC=C(F)C=C1
C=CC=CC1=CC=CC=C1.C=C1CC(=O)OC1=O,,O=C1CC2(CCC=CC2C2=CC=CC=C2)C(=O)O1
C=CC(=C)OC.CC=CC=O,,COC1=CCC(C=O)C(C)C1
C=CC(=C)C1=CC=C(Cl)C=C1.O=C1C=CC(=O)O1,,O=C1OC(=O)C2CC(C3=CC=C(Cl)C=C3)=CCC12
O=C1C=CC(=O)C2=C1C(O)=C1C=CC=CC1=C2Cl.C=C(C=C(OC)O[Si](C)(C)C)O[Si](C)(C)C,,COC1(O[Si](C)(C)C)C=C(O[Si](C)(C)C)CC2C(=O)C3=C(C(=O)C21)C(O)=C1C=CC=CC1=C3Cl
COC(=O)C1=C(C2=CC=CC=C2)C(C2=CC=CC=C2)=C(C(=O)OC)C1=O.C=C(C1=CC=C(OC)C=C1)C1=CC=C(OC)C=C1,,COC(=O)C12CC(C3=CC=C(OC)C=C3)(C3=CC=C(OC)C=C3)C(C(=O)OC)(C1=O)C(C1=CC=CC=C1)=C2C1=CC=CC=C1
C1=CCC=C1.O=C1C=CS(=O)(=O)C1=CC1=CC=CC=C1,,O=C1C(=CC2=CC=CC=C2)S(=O)(=O)C2C3C=CC(C3)C12
C1=CCC=C1.C=C1CC1,,C1=CC2CC1CC21CC1
C=C(OC(=O)C1=CC=C([N+](=O)[O-])C=C1[N+](=O)[O-])C(C)=O.C=C(C)C=CO[Si](C)(C)C(C)(C)C,,CC(=O)C1(OC(=O)C2=CC=C([N+](=O)[O-])C=C2[N+](=O)[O-])CCC(C)=CC1O[Si](C)(C)C(C)(C)C
C=CC=CNC.C=C(C(=O)OCC)C1=CC=CC=C1,,CCOC(=O)C1(C2=CC=CC=C2)CCC=CC1NC
C1=CCCC=C1.C=CCC#CC(C)(C)O,,CC(C)(O)C#CCC1CC2C=CC1CC2
COC(=O)C=CC(=O)OC.COC(=O)C=CC=CC1=CC=CC=C1,,COC(=O)C1C=CC(C2=CC=CC=C2)C(C(=O)OC)C1C(=O)OC
C=C1CN(C2=CC=CC=C2)CC1=C.O=C1C=CC(=O)O1,,O=C1OC(=O)C2CC3=C(CC12)CN(C1=CC=CC=C1)C3
C=C(C)C(=O)OCC.C1=CCC=C1,,CCOC(=O)C1(C)CC2C=CC1C2
C=CC1=CCC(OC(=O)NCCCCCCCCCCC)COC1CCCCC.O=C1C=CC(=O)N1,,CCCCCCCCCCCNC(=O)OC1COC(CCCCC)C2=CCC3C(=O)NC(=O)C3C2C1
C=CC1=CCC(OC(=O)NCC2=CC=CC(Cl)=C2)COC1(C)C.O=C1C=CC(=O)N1,,CC1(C)OCC(OC(=O)NCC2=CC=CC(Cl)=C2)CC2C1=CCC1C(=O)NC(=O)C12
O=C1C=CC(=O)N1.COC1=CC=CC=C1C1=CC=C2CCCCC21C,,COC1=CC=CC=C1C12C=CC3(CCCCC31C)C1C(=O)NC(=O)C12
C1=CCC=C1.C=CP(=O)(OCC)OCC,,CCOP(=O)(OCC)C1CC2C=CC1C2
C=CC=CO[Si](C)(C)C.COC1=CC=CC2=C1C(=O)C(SC1=CC=CC=C1)=CC2=O,,COC1=CC=CC2=C1C(=O)C1(SC3=CC=CC=C3)C(O[Si](C)(C)C)C=CCC1C2=O
CCOC(=O)C=CC(=O)OCC.C=CC(=CC1=CC=C(F)C=C1)OC,,CCOC(=O)C1CC=C(OC)C(C2=CC=C(F)C=C2)C1C(=O)OCC
CCOC(=O)C1=CC2OC3(C(=O)N(CC4=CC=CC=C4)C4=CC=C(Cl)C=C43)C(C(=O)OC)=CN2C=C1.CC1=CC=C(C(=O)C=C2C(=O)N(CC3=CC=CC=C3)C3=CC=C(Cl)C=C23)C=C1,,CCOC(=O)C1=CC2N3C=C(C(=O)OC)C4(OC3C1C(C(=O)C1=CC=C(C)C=C1)C21C(=O)N(CC2=CC=CC=C2)C2=CC=C(Cl)C=C21)C(=O)N(CC1=CC=CC=C1)C1=CC=C(Cl)C=C14
COC(=O)C1=CS(=O)(=O)C(C(C)(C)C)N1C=O.C(C=CC1=CC=CC=C1)=CC1=CC=CC=C1,,COC(=O)C12C(C3=CC=CC=C3)C=CC(C3=CC=CC=C3)C1S(=O)(=O)C(C(C)(C)C)N2C=O
CCC=CC(=COC(C)=O)CC.C=CC(OC(C)=O)OC(C)=O,,CCC1=CC(CC)CC(C(OC(C)=O)OC(C)=O)C1OC(C)=O
C1=CC2(C=C1)CC2.C=C(Cl)C#N,,N#CC1(Cl)CC2C=CC1C21CC1
O=C(C=CC(F)(F)C(F)(F)F)C1=CC=CO1.C=C(C=COC)O[Si](C)(C)C,,COC1C=C(O[Si](C)(C)C)CC(C(F)(F)C(F)(F)F)C1C(=O)C1=CC=CO1
C1=CCC=C1.O=[N+]([O-])C=CC(Cl)(Cl)Cl,,O=[N+]([O-])C1C2C=CC(C2)C1C(Cl)(Cl)Cl
C1=CCC=C1.O=C1C=CC=CC1=O,,O=C1C=CC2C3C=CC(C3)C2C1=O
CC(C)NC(=O)C=CC(=O)NC(C)C.C1=CCC=C1,,CC(C)NC(=O)C1C2C=CC(C2)C1C(=O)NC(C)C
COC1(OC)C(Cl)=C(Cl)C(Cl)=C1Cl.C=CCC#CC(C)(C)OC,,COC(C)(C)C#CCC1CC2(Cl)C(Cl)=C(Cl)C1(Cl)C2(OC)OC
CC1=CC=C(S(=O)(=O)N2C(C3=CC=CC=C3)COC2C2CC=CC2=O)C=C1.C1=CCC=C1,,CC1=CC=C(S(=O)(=O)N2C(C3=CC=CC=C3)COC2C2CC3C4C=CC(C4)C3C2=O)C=C1
COC1=CC(OC)=CC(C2=CCCC(C3=CC(OC)=CC(OC)=C3)=C2)=C1.O=S(=O)(C=CS(=O)(=O)C1=CC=CC=C1)C1=CC=CC=C1,,COC1=CC(OC)=CC(C2=CC3(C4=CC(OC)=CC(OC)=C4)CCC2C(S(=O)(=O)C2=CC=CC=C2)C3S(=O)(=O)C2=CC=CC=C2)=C1
C=CC1=CC(O)C2OC2C12OCCCO2.O=C1C=CC(=O)N1CC1=CC=CC=C1,,O=C1C2CC=C3C(C(O)C4OC4C34OCCCO4)C2C(=O)N1CC1=CC=CC=C1
O=C1C=CC(=O)N1C1=CC=CC=C1.COCOC(C=CC(C)C)=CC(C)O[Si](C)(C)C,,COCOC1=CC(C(C)C)C2C(=O)N(C3=CC=CC=C3)C(=O)C2C1C(C)O[Si](C)(C)C
CC(C)=C1C=CC=C1.O=C1C=CC(=O)N1C1=CC=CC=C1,,CC(C)=C1C2C=CC1C1C(=O)N(C3=CC=CC=C3)C(=O)C21
C1=CCCC=C1.O=S(=O)(F)C(F)=C(F)C(F)(F)Cl,,O=S(=O)(F)C1(F)C2C=CC(CC2)C1(F)C(F)(F)Cl
C=CC(C)=O.C=CC(=C)OP(=O)(OCC)OCC,,CCOP(=O)(OCC)OC1=CCC(C(C)=O)CC1
C=CC#N.CCOP(=O)(OCC)OC(=CSCC)C1=CCCC1,,CCOP(=O)(OCC)OC1=C2CCCC2CC(C#N)C1SCC
C=CC(C)=O.CC1=CC(C(C=CC2=CC=CC=C2)=C(C#N)C#N)=CC=C1,,CC(=O)C1CC(C#N)(C#N)C(C2=CC=CC(C)=C2)=CC1C1=CC=CC=C1
ClC1=C(Br)C1.C=C1CC2C(CC1=C)C2(Cl)Cl,,ClC1(Cl)C2CC3=C(CC21)CC1(Br)CC1(Cl)C3
C=CCOC(=O)N(C(=O)OCC=C)N(C=CC(=C)C1=CC=CC=C1)S(C)(=O)=O.CC=CC(=O)N1CCOC1=O,,C=CCOC(=O)N(C(=O)OCC=C)N(C1C=C(C2=CC=CC=C2)CC(C)C1C(=O)N1CCOC1=O)S(C)(=O)=O
O=C1C2C3CC4C2C(=O)C25C=CC=CC12C3C45.O=C(C=CC(=O)C1=CC=CC=C1)C1=CC=CC=C1,,O=C(C1=CC=CC=C1)C1C(C(=O)C2=CC=CC=C2)C2C=CC1C13C(=O)C4C5CC6C4C(=O)C21C6C53
C=CC(=O)OCC.C=CC=COC(C)=O,,CCOC(=O)C1CCC=CC1OC(C)=O
CCC1=C(C2=CC=CC=C2)C(C2=CC=CC=C2)=C(CC)C1=O.O=C1OC(=O)C2=C1CCC2,,CCC12C(=O)C(CC)(C(C3=CC=CC=C3)=C1C1=CC=CC=C1)C13CCCC21C(=O)OC3=O
O=C1C=CC(=O)C=C1.C=CC(=C)[Si](CC)(CC)CC,,CC[Si](CC)(CC)C1=CCC2C(=O)C=CC(=O)C2C1
CC(=O)C=CC(C)=O.C1=CCCC=C1,,CC(=O)C1C2C=CC(CC2)C1C(C)=O
O=C1C=CC(=O)N1C1=CC=CC=C1.C=C(OC)C(=C)SC1=CC=CC=C1,,COC1=C(SC2=CC=CC=C2)CC2C(=O)N(C3=CC=CC=C3)C(=O)C2C1
C1=CCC=C1.C=CC(=O)OCC(C)=O,,CC(=O)COC(=O)C1CC2C=CC1C2
C=CC(C)=CC.O=C1C=CC(=O)C2=C1C=CC=C2,,CC1=CCC2C(=O)C3=CC=CC=C3C(=O)C2C1C
CC1=CC(=O)C2=C(C=CC=C2)C1=O.C=C(C=COC)O[Si](C)(C)C,,COC1C=C(O[Si](C)(C)C)CC2C(=O)C3=CC=CC=C3C(=O)C12C
O=C1C=CC(=O)C=C1.C=C(C)C=C(OC)O[Si](C)(C)C,,COC1(O[Si](C)(C)C)C=C(C)CC2C(=O)C=CC(=O)C21
C1=CCC=C1.CCC[CH2][Sn]([CH2]CCC)([CH2]CCC)[O]C(=O)C=CC(=O)OC,,CCC[CH2][Sn]([CH2]CCC)([CH2]CCC)[O]C(=O)C1C2C=CC(C2)C1C(=O)OC
COC1=CC(=O)C=C(C)C1=O.C=CC(C)=CCC(=O)O,,COC1=CC(=O)C2CC=C(C)C(CC(=O)O)C2(C)C1=O
CC(=O)OC=CCl.C1=CCC=C1,,CC(=O)OC1C2C=CC(C2)C1Cl
O=C1C=CC(=O)O1.COC1=C(C)C=CCC1,,COC12CCC(C=C1C)C1C(=O)OC(=O)C12
C=C(C)C(=O)OC.COC1(OC)C=C(C2OCCO2)C(Br)=CC1=O,,COC(=O)C1(C)CC2C(C3OCCO3)=C(Br)C1C(=O)C2(OC)OC
C=C1C(=CSC2=CC=CC=C2)C2OC1C1=C2C=C2C(OC)=CC=C(OC)C2=C1.C=CC(C)=O,,COC1=CC=C(OC)C2=CC3=C(C=C12)C1OC3C2=C1CCC(C(C)=O)C2SC1=CC=CC=C1
C1=CC=CC=CC=C1.O=C1C=CC(=O)C=C1,,O=C1C=CC(=O)C2C3C=CC=CC(C=C3)C12
C=C(C=CCOCC1=CC=CC=C1)C([Si](C)(C)C(C)(C)C)[Si](C)(C)C(C)(C)C.C=CC(=O)N1CCOC1=O,,CC(C)(C)[Si](C)(C)C(C1=CC(COCC2=CC=CC=C2)C(C(=O)N2CCOC2=O)CC1)[Si](C)(C)C(C)(C)C
CCC1=C(C)C(C)=C(C)N(CC2=CC=CC=C2)C1CC.CC=CC=O,,CCC1N(CC2=CC=CC=C2)C2(C)C(C)=C(C)C1(CC)C(C)C2C=O
C1=CCCC=C1.CCOC(=O)C(C)OC(=O)C=CC(=O)OC(C)C(=O)OCC,,CCOC(=O)C(C)OC(=O)C1C2C=CC(CC2)C1C(=O)OC(C)C(=O)OCC
C=C(Cl)C#N.CCCC(O[Si](C)(C)C)=C1C=CC=C1,,CCCC(O[Si](C)(C)C)=C1C2C=CC1C(Cl)(C#N)C2
COC1=CC(=O)C(C)=C(S(=O)C2=CC=C(C)C=C2)C1=O.C=CC1=CCC(C2=COC=C2)OC1,,COC1=CC(=O)C2(C)CC=C3COC(C4=COC=C4)CC3C2(S(=O)C2=CC=C(C)C=C2)C1=O
C=C(C)C(=C)C.CC(C)(C)C(C#N)=C(C#N)C#N,,CC1=C(C)CC(C#N)(C(C)(C)C)C(C#N)(C#N)C1
C=CC(=C)C(C)N(C)C(=O)OC(C)(C)C.O=C1C=CC(=O)C2=C1C=CC=C2,,CC(C1=CCC2C(=O)C3=CC=CC=C3C(=O)C2C1)N(C)C(=O)OC(C)(C)C
C=C(C)C(=C)C.O=C(C1=CC=CC=C1)N1CC=CS1(=O)=O,,CC1=C(C)CC2C(C1)CN(C(=O)C1=CC=CC=C1)S2(=O)=O
COC(=O)C1NC(C2=CC=C(Br)C=C2)C2C=CC=C2C1C1=CC=C(C)C=C1.O=C1C=CC(=O)C2=C1C=CC=C2,,COC(=O)C1NC(C2=CC=C(Br)C=C2)C2C3C=CC2(C2C(=O)C4=CC=CC=C4C(=O)C32)C1C1=CC=C(C)C=C1
O=C1C=CC(=O)C=C1.C=CC=CC1C(=O)N(C2CCCCC2)C1C1=CC=C(OC)C=C1,,COC1=CC=C(C2C(C3C=CCC4C(=O)C=CC(=O)C43)C(=O)N2C2CCCCC2)C=C1
CC1=CC(OS(=O)(=O)C(F)(F)F)=CC(C)(C)C1=O.COC(=O)C#CC(=O)OC,,COC(=O)C1=C(C(=O)OC)C2(C)C=C(OS(=O)(=O)C(F)(F)F)C1C(C)(C)C2=O
C=C(C)C=CC.C1=CCCC=C1,,C=C(C)C1C2C=CC(CC2)C1C
COC(=O)C=CC(=O)OC.C=C(O[Si](C)(C)C)C(=COC)C(=C)O[Si](C)(C)C,,C=C(O[Si](C)(C)C)C1=C(O[Si](C)(C)C)CC(C(=O)OC)C(C(=O)OC)C1OC
C=CC(=C)C(O[Si](C)(C)C)C1=CC=CC=C1.C=CC=O,,C[Si](C)(C)OC(C1=CCC(C=O)CC1)C1=CC=CC=C1
C=CC=CN1C(=S)OCC1C1=CC=CC=C1.CCOP(=O)(C=CC(=O)OC)OCC,,CCOP(=O)(OCC)C1CC=CC(N2C(=S)OCC2C2=CC=CC=C2)C1C(=O)OC
O=C1C=CC(=O)O1.C=C(C(=C)C(C)C)C(C)C,,CC(C)C1=C(C(C)C)CC2C(=O)OC(=O)C2C1
O=C1C=CC(=O)C2=C1C1(Cl)C(Cl)=C(Cl)C2(Cl)C1(Cl)Cl.COC1(OC)C(Cl)=C(Cl)C(Cl)=C1Cl,,COC1(OC)C2(Cl)C(Cl)=C(Cl)C1(Cl)C1C(=O)C3=C(C(=O)C12)C1(Cl)C(Cl)=C(Cl)C3(Cl)C1(Cl)Cl
C=CC(C)=O.ClC1=C(Cl)C(Cl)=C(Cl)C1,,CC(=O)C1CC2(Cl)CC1(Cl)C(Cl)=C2Cl
C=C(B1NC2=CC=CC3=CC=CC(=C23)N1)B1OC(C)(C)C(C)(C)O1.C=C(B1OC(C)(C)C(C)(C)O1)C(=C)B1OC(C)(C)C(C)(C)O1,,CC1(C)OB(C2=C(B3OC(C)(C)C(C)(C)O3)CC(B3NC4=CC=CC5=CC=CC(=C45)N3)(B3OC(C)(C)C(C)(C)O3)CC2)OC1(C)C
N#CC(C#N)=C(C#N)C#N.C=CC=C(C(C)C)C1CC1,,CC(C)C1(C2CC2)C=CCC(C#N)(C#N)C1(C#N)C#N
CCC=CC(=CC1=CC=C(Br)C=C1)C1=CC=CC=C1NC(C)=O.CCOC(=O)C#CC(=O)OCC,,CCOC(=O)C1=C(C(=O)OCC)C(C2=CC=C(Br)C=C2)C(C2=CC=CC=C2NC(C)=O)=CC1CC
COC(=O)N1C2=CC=C3CCCN4C(=O)CC2(C2=CC=CC=C21)C34.C=CS(=O)(=O)C1=CC=CC=C1,,COC(=O)N1C2=CC=CC=C2C23CC(=O)N4CCCC5(C=CC12C(S(=O)(=O)C1=CC=CC=C1)C5)C43
C=C(C=C(C)C)C(C)=O.CC(C)=C(C)O[Si](C)(C)C(C)(C)C,,CC(=O)C1=CC(C)(C)C(C)(O[Si](C)(C)C(C)(C)C)C(C)(C)C1
N#CC(C#N)=C(C#N)C#N.CC(C)C(=O)CCC1C(C=C2CCCCC2)=CCC2C(C)(C(=O)NCC3=CC=CC=C3)CCCC12C,,CC(C)C(=O)CCC1C2=CC3(CCCCC3)C(C#N)(C#N)C(C#N)(C#N)C2CC2C(C)(C(=O)NCC3=CC=CC=C3)CCCC12C
O=C1C=CC(=O)N1C1=CC=C([N+](=O)[O-])C=C1.CCCCCCC1=CC(C)=CCO1,,CCCCCCC12C=C(C)C(CO1)C1C(=O)N(C3=CC=C([N+](=O)[O-])C=C3)C(=O)C12
C=CC1=CC=CC=C1.COC1(OC)C(Cl)=C(Cl)C(Cl)=C1Cl,,COC1(OC)C2(Cl)CC(C3=CC=CC=C3)C1(Cl)C(Cl)=C2Cl
C=CC(=O)OC.CC(C=CB1OC2=CC=CC=C2O1)=CCO[Si](C)(C)C(C)(C)C,,COC(=O)C1CC(CO[Si](C)(C)C(C)(C)C)C(C)=CC1B1OC2=CC=CC=C2O1
O=C(C=CCCC1=CC=CC=C1)N1CCOC1=O.C=C(C=COC)O[Si](C)(C)C(C)(C)C,,COC1C=C(O[Si](C)(C)C(C)(C)C)CC(CCC2=CC=CC=C2)C1C(=O)N1CCOC1=O
C1=CC2OC2C=C1.O=S1(=O)C=CS(=O)(=O)C2=CC=CC=C21,,O=S1(=O)C2=CC=CC=C2S(=O)(=O)C2C3C=CC(C4OC34)C21
CC=CC=CC.COC(=O)N1CC(O[Si](C)(C)C(C)(C)C)C=C(C(=O)OCC2=CC=CC=C2)C1=O,,COC(=O)N1CC(O[Si](C)(C)C(C)(C)C)C2C(C)C=CC(C)C2(C(=O)OCC2=CC=CC=C2)C1=O
O=C1C=CC(=O)O1.CC1=C(C)C(C)=C(C)C1,,CC1=C(C)C2(C)CC1(C)C1C(=O)OC(=O)C12
C=CC=C1OCCO1.CC1=CC(O)=C2C(=O)C=CC(=O)C2=C1Cl,,CC1=CC(O)=C2C(=O)C3C(CC=CC34OCCO4)C(=O)C2=C1Cl
COC(=O)C1NC(C2=CC=C(Br)C=C2)C2C=CC=C2C1C1=CC=CO1.CN1C(=O)C=CC1=O,,COC(=O)C1NC(C2=CC=C(Br)C=C2)C2C3C=CC2(C2C(=O)N(C)C(=O)C32)C1C1=CC=CO1
C=C(C)C(=O)OC.C[Si](C)(C=CC=CSC1=CC=CC=C1)CC1=CC=CC=C1,,COC(=O)C1(C)CC([Si](C)(C)CC2=CC=CC=C2)C=CC1SC1=CC=CC=C1
COC1=CC(=O)C=C(C)C1=O.C=CC=COC,,COC1=CC(=O)C2CC=CC(OC)C2(C)C1=O
C1=CC2(C=C1)CC2(C1CC1)C1CC1.N#CC(C#N)=C(C#N)C#N,,N#CC1(C#N)C2C=CC(C1(C#N)C#N)C21CC1(C1CC1)C1CC1
CCCOC(=O)C=CC1CCCCC1.C1=CCC=C1,,CCCOC(=O)C1C2C=CC(C2)C1C1CCCCC1
COC1(OC)C(Br)=C(Br)C(Br)=C1Br.CCCCCCC=COC(C)=O,,CCCCCCC1C(OC(C)=O)C2(Br)C(Br)=C(Br)C1(Br)C2(OC)OC
C1=CCC=C1.C=C(C)C#CC1=CC(=O)C=CC1(OC)OC,,C=C(C)C#CC1=CC(=O)C2C3C=CC(C3)C2C1(OC)OC
O=C1C=CC(=O)N1C1=CC=CC=C1.C=CC(=C[Si](C)(C)C)SC1=CC=CC=C1,,C[Si](C)(C)C1C(SC2=CC=CC=C2)=CCC2C(=O)N(C3=CC=CC=C3)C(=O)C21
CC=CC=CC(=O)O.O=C1C=CC(=O)N1CC1=CC=CC=C1,,CC1C=CC(C(=O)O)C2C(=O)N(CC3=CC=CC=C3)C(=O)C12
O=C(C=CC1=CC=CC=C1)C1=CC=C(Br)C=C1O.C=C(C)C=CC1=CC=CC=C1,,CC1=CC(C2=CC=CC=C2)C(C(=O)C2=CC=C(Br)C=C2O)C(C2=CC=CC=C2)C1
C1=CC2=C(C=CC=C2)C1.O=S1(=O)C(F)=C(F)C(F)=C1F,,O=S1(=O)C2(F)C(F)=C(F)C1(F)C1C3=CC=CC=C3CC12
C1=CCC=C1.C=CCC1(OCC2=CC=CC=C2)C(C(=O)C=C)OC2OC(C)(C)OC21,,C=CCC1(OCC2=CC=CC=C2)C(C(=O)C2CC3C=CC2C3)OC2OC(C)(C)OC21
C=C(C)C(=C)C.N#CC=C(C#N)C1=CC=CC=C1,,CC1=C(C)CC(C#N)(C2=CC=CC=C2)C(C#N)C1
O=C1C=CC2(C=C1)OCCCO2.COC1=CC=C(C2=CC=C3CCCCC32C)C=C1,,COC1=CC=C(C23C=CC4(CCCCC42C)C2C3C(=O)C=CC23OCCCO3)C=C1
COC1=CC=C(C=CC2=CC3=C(C=CC(C)=C3)OC2)C=C1.N#CC(C#N)=C(C#N)C#N,,COC1=CC=C(C2C=C3COC4=CC=C(C)C=C4C3C(C#N)(C#N)C2(C#N)C#N)C=C1
CCOC(=O)C=CC(=O)OCC.C1=C[CH]([Sn]([C]2=CC=CC=C2)([C]2=CC=CC=C2)[C]2=CC=CC=C2)C=C1,,CCOC(=O)C1C2C=CC(C1C(=O)OCC)[CH]2[Sn]([C]1=CC=CC=C1)([C]1=CC=CC=C1)[C]1=CC=CC=C1
C1=CC2C3=C(C=C4C=CC=CC4=C3)C1C1=C2C=C2C=CC=CC2=C1.COC1(OC)C(Cl)=C(Cl)C(Cl)=C1Cl,,COC1(OC)C2(Cl)C(Cl)=C(Cl)C1(Cl)C1C3C4=CC5=CC=CC=C5C=C4C(C4=CC5=CC=CC=C5C=C43)C12
C=CC=O.N#CC1(C#N)C=CC=C1,,N#CC1(C#N)C2C=CC1C(C=O)C2
C1=CCC=C1.C=CCO,,OCC1CC2C=CC1C2
COC1=CC(=O)C=CC1=O.C=CC=CCOC(C)=O,,COC1=CC(=O)C2CC=CC(COC(C)=O)C2C1=O
O=C1C=CC(=O)O1.C=CC1=CCC2C3CCC4N(C)C(=O)CCC4(C)C3CCC12C,,CN1C(=O)CCC2(C)C3CCC4(C)C5=CCC6C(=O)OC(=O)C6C5CC4C3CCC12
COC1=CC=C2C(=C1)CCC1C3=CC=C(OC(C)=O)C3(C)CCC21.C=CS(=O)(=O)C1=CC=CC=C1,,COC1=CC=C2C(=C1)CCC1C2CCC2(C)C13C=CC2(OC(C)=O)C(S(=O)(=O)C1=CC=CC=C1)C3
C1=C(C2=CCC2)CC1.ClC1=C(Br)C1,,ClC12CC1(Br)C1CCC1=C1CCC12
N#CC(C#N)=C(C#N)C#N.COC(CC(C)=C1C=CC=C1)OC,,COC(CC(C)=C1C2C=CC1C(C#N)(C#N)C2(C#N)C#N)OC
CC(C)(C)C1=CC=CC1.O=C1C=CC(=O)O1,,CC(C)(C)C12C=CC(C1)C1C(=O)OC(=O)C12
C=CC=CO[Si](C)(C)C.CC1=NC2=C(C(=O)CCC2)C2=C1C(=O)C=CC2=O,,CC1=NC2=C(C(=O)CCC2)C2=C1C(=O)C1C(O[Si](C)(C)C)C=CCC1C2=O
CC(C)OC1=CC=CC=C1C1=C(COC(=O)C2=CC=CC=C2)C=C(COC(=O)C2=CC=CC=C2)C1.O=C1C=CC(=O)N1C1=CC=CC=C1,,CC(C)OC1=CC=CC=C1C12CC(COC(=O)C3=CC=CC=C3)(C=C1COC(=O)C1=CC=CC=C1)C1C(=O)N(C3=CC=CC=C3)C(=O)C12
C=CC(=C)C.C=CC(=O)OC1C(=O)N(C2=CC=CC=C2)CC1(C)C,,CC1=CCC(C(=O)OC2C(=O)N(C3=CC=CC=C3)CC2(C)C)CC1
N#CC(C#N)=C(C#N)C#N.C=CC1=CC2CC(C=C)C3C=CC(OC1)C23,,C=CC1CC2C3C(C=CC13)OCC1=CCC(C#N)(C#N)C(C#N)(C#N)C12
BrC1=C(Br)C1(Br)Br.C(C=CC1=CC=CC=C1)=CC1=CC=CC=C1,,BrC1(Br)C2(Br)C(C3=CC=CC=C3)C=CC(C3=CC=CC=C3)C12Br
C1=CCC=C1.C=C(F)C(=O)OCC1=CC=CC=C1,,O=C(OCC1=CC=CC=C1)C1(F)CC2C=CC1C2
C1=CCC=C1.O=C1C=CC(=O)N1C1=CC=C(S(=O)(=O)C2=CC=C(N3C(=O)C=CC3=O)C=C2)C=C1,,O=C1C=CC(=O)N1C1=CC=C(S(=O)(=O)C2=CC=C(N3C(=O)C4C5C=CC(C5)C4C3=O)C=C2)C=C1
CSC1=C(SC)SC(=C2SC3=C(S2)C(=O)C=CC3=O)S1.C1=CCC=C1,,CSC1=C(SC)SC(=C2SC3=C(S2)C(=O)C2C4C=CC(C4)C2C3=O)S1
C=CC#CC(C)(C)OC(C)=O.COC1(OC)C(Cl)=C(Cl)C(Cl)=C1Cl,,COC1(OC)C2(Cl)CC(C#CC(C)(C)OC(C)=O)C1(Cl)C(Cl)=C2Cl
C=CC#CC(C)(C)OCCC#N.C1=CCCC=C1,,CC(C)(C#CC1CC2C=CC1CC2)OCCC#N
O=C1C=CC(=O)N1C1=CC=CC=C1.C=C(C1=CCN(S(=O)(=O)C(C)(C)C)C1CCO[Si](C1=CC=CC=C1)(C1=CC=CC=C1)C(C)(C)C)C1=CC=CC=C1,,CC(C)(C)[Si](OCCC1C2=C(C3=CC=CC=C3)CC3C(=O)N(C4=CC=CC=C4)C(=O)C3C2CN1S(=O)(=O)C(C)(C)C)(C1=CC=CC=C1)C1=CC=CC=C1
O=C1C=CC(=O)C2=C1C=CC=C2O.C=CC=CC(=O)O,,O=C(O)C1C=CCC2C(=O)C3=C(O)C=CC=C3C(=O)C12
CC1=CC(O)CC(O[Si](C)(C)C(C)(C)C)=CC2=NC(=CO2)C(=O)N2CCC=C2C(=O)OC(C(C)C)C(C)C=CC(=O)NCC=C1.N#CC1=C(C#N)C(=O)C(Cl)=C(Cl)C1=O,,CC1=CC2CNC(=O)C=CC(C)C(C(C)C)OC(=O)C3=CCCN3C(=O)C3=COC(=N3)C=C(O[Si](C)(C)C(C)(C)C)CC(O)C1C1(C#N)C(=O)C(Cl)=C(Cl)C(=O)C21C#N
CC1=CC(=O)C=C(C)C1=O.C=C(O[Si](C)(C)C(C)(C)C)C1=CC(C(=C)C)C(OC)C1,,C=C(C)C1C(OC)CC2=C(O[Si](C)(C)C(C)(C)C)CC3C(=O)C=C(C)C(=O)C3(C)C21
C=C(C=O)CCC.C=CC(=C)CCC=C(C)C,,CCCC1(C=O)CC=C(CCC=C(C)C)CC1
COC(=O)C1=C2C3=CC(OC)=C(OC)C=C3CCN2C(=O)C1=O.C=C(C=COC)O[Si](C)(C)C,,COC(=O)C12C(=O)C(=O)N3CCC4=CC(OC)=C(OC)C=C4C31CC(O[Si](C)(C)C)=CC2OC
O=S1C=C(C2=COCCC2)OC1.O=C1C=CC(=O)N1C1=CC=CC=C1,,O=C1C2C3OCCCC3=C3OCS(=O)C3C2C(=O)N1C1=CC=CC=C1
C=CC1=CCC(=O)COC12CCCCC2.COC(=O)C#CC(=O)OC,,COC(=O)C1=C(C(=O)OC)C2CC(=O)COC3(CCCCC3)C2=CC1
CC1(C#N)C=C1.CC1(C)C2CC=C(C=CC#N)C1C2,,CC1(C)C2CC3C(=CC(C#N)C4C3C4(C)C#N)C1C2
COC(=O)C1(C)CCCC2(C)C3=C(C=C(C(C)C)CC3)CCC12.O=C1C=CC(=O)N1C1=CC=CC=C1,,COC(=O)C1(C)CCCC2(C)C1CCC1=CC3(C(C)C)CCC12C1C(=O)N(C2=CC=CC=C2)C(=O)C13
C=CC=CCC(=O)N(C)OC.C=C(COC)C(=O)OC,,COCC1(C(=O)OC)CCC=CC1CC(=O)N(C)OC
CCOC(=O)C1=CCCC2=CC=C(OC)C=C12.C=C(C)C(=C)C,,CCOC(=O)C12CC(C)=C(C)CC1CCC1=CC=C(OC)C=C12
CN1C(=O)C=CC1=O.CCCC=CC(=C=CC1=CC=CC=C1)CCCC,,CCCCC1=CC(CCC)C2C(=O)N(C)C(=O)C2C1=CC1=CC=CC=C1
C=C1C(=C)C2CCC1C1=CC=CC=C12.N#CC(C#N)=C(C#N)C#N,,N#CC1(C#N)CC2=C(CC1(C#N)C#N)C1CCC2C2=CC=CC=C21
COC(=O)C=CC1=CN(CC2=CC=CC=C2)C(=O)N(S(=O)(=O)C2=CC=C(C)C=C2)C1C1=CC=CC=C1.O=C1C=CC(=O)N1C1=CC=CC=C1,,COC(=O)C1C=C2C(C3C(=O)N(C4=CC=CC=C4)C(=O)C13)N(CC1=CC=CC=C1)C(=O)N(S(=O)(=O)C1=CC=C(C)C=C1)C2C1=CC=CC=C1
CN1C(=O)C=CC1=O.C=CC1=CCC2=C(OC)C=CC(OC)=C2C1C1=CC=C(OC)C=C1,,COC1=CC=C(C2C3=CCC4C(=O)N(C)C(=O)C4C3CC3=C(OC)C=CC(OC)=C32)C=C1
O=C1C=CC(=O)O1.CC=CC1=COC(C2=CC=CC=C2)C1,,CC1C=C2CC(C3=CC=CC=C3)OC2C2C(=O)OC(=O)C12
O=C1C=C(CCOCC2=CC=CC=C2)C(=O)O1.COC=CC=CCO[Si](C)(C)C(C)(C)C,,COC1C=CC(CO[Si](C)(C)C(C)(C)C)C2C(=O)OC(=O)C12CCOCC1=CC=CC=C1
CN(C)N1C(=O)C(C2=CC=CC=C2)(C2=CC=CC=C2)C(C2=CC=CC=C2)C=C1C=CC1=CC=CC=C1.N#CC(C#N)=C(C#N)C#N,,CN(C)N1C(=O)C(C2=CC=CC=C2)(C2=CC=CC=C2)C(C2=CC=CC=C2)C2C1=CC(C1=CC=CC=C1)C(C#N)(C#N)C2(C#N)C#N
CC1=C(C2=CC=CC=C2)C(C2=CC=CC=C2)=C(C)C1=O.CC(C)(C)OC(=O)NCCN1C(=O)C=C(Br)C1=O,,CC(C)(C)OC(=O)NCCN1C(=O)C2C3(C)C(=O)C(C)(C(C4=CC=CC=C4)=C3C3=CC=CC=C3)C2(Br)C1=O
C1=CCC=C1.C=C1N=NN(C2=CC=C([N+](=O)[O-])C=C2)C1N(C)C,,CN(C)C1N(C2=CC=C([N+](=O)[O-])C=C2)N=NC12CC1C=CC2C1
COC1(OC)C(Br)=C(Br)C(Br)=C1Br.CCCCC=COC(C)=O,,CCCCC1C(OC(C)=O)C2(Br)C(Br)=C(Br)C1(Br)C2(OC)OC
O=C1C=CC(=O)O1.C[Si](C)(C)OC=C1C=CC=C1,,C[Si](C)(C)OC=C1C2C=CC1C1C(=O)OC(=O)C21
C=CC(=O)OC.C=C(C)C1=CCC2(C(=O)OC)C3=CC=CC=C3CC12O,,COC(=O)C1CCC(C)=C2C1CC1(C(=O)OC)C3=CC=CC=C3CC21O
C=C1C(=C)C2CCC1C21CC1.N#CC(C#N)=C(C#N)C#N,,N#CC1(C#N)CC2=C(CC1(C#N)C#N)C1CCC2C12CC2
C=C(C)C(=C)C.CC=CC1=CC=CC=C1C,,CC1=C(C)CC(C2=CC=CC=C2C)C(C)C1
C=CC(C)=CNC(=O)OC(C)(C)C.COC1(OC)C=CC(=NC(=O)C2=CC=CC=C2)C=C1,,COC1(OC)C=CC(=NC(=O)C2=CC=CC=C2)C2C(NC(=O)OC(C)(C)C)C(C)=CCC21
C=CS(=O)(=O)CC.C1=CCC=C1,,CCS(=O)(=O)C1CC2C=CC1C2
N#CC(C#N)=C(C#N)C#N.CC1=CC(C=CC=CC2=C(F)C=C(F)C=C2F)=C2C(C)=CC=C(C(C)C)C=C12,,CC1=CC(C2C=CC(C3=C(F)C=C(F)C=C3F)C(C#N)(C#N)C2(C#N)C#N)=C2C(C)=CC=C(C(C)C)C=C12
COC(=O)C#CC(=O)OC.CCOP(=O)(OCC)OC(=CSCC)C1=CCCC1,,CCOP(=O)(OCC)OC1=C2CCCC2C(C(=O)OC)=C(C(=O)OC)C1SCC
O=C1C=CC(=O)O1.COCOC=CC=CC(=O)OC,,COCOC1C=CC(C(=O)OC)C2C(=O)OC(=O)C12
C=C(C)C=O.CN1CCOC1=CC1=CCCCC1,,CN1CCOC12C=C1CCCCC1CC2(C)C=O
C=CC(=O)OC.COC1(OC)C(Cl)=C(Cl)C(Cl)=C1Cl,,COC(=O)C1CC2(Cl)C(Cl)=C(Cl)C1(Cl)C2(OC)OC
C(C=CC1=CC=CS1)=CC1=CC=CC=C1.ClC1=C(Cl)C1(Cl)Cl,,ClC1(Cl)C2(Cl)C(C3=CC=CC=C3)C=CC(C3=CC=CS3)C12Cl
C=CC(C)=O.C=C1CC(C(=O)OCC)C1=CC1CCCCC1,,CCOC(=O)C1CC2=C1C(C1CCCCC1)C(C(C)=O)CC2
C1=CCCC=C1.CC1=C(C)C(=O)OC1=O,,CC12C(=O)OC(=O)C1(C)C1C=CC2CC1
C=CC(C)=O.C=C(C)C(=CSC1=CC=CC=C1)O[Si](C)(C)C,,CC(=O)C1CCC(C)=C(O[Si](C)(C)C)C1SC1=CC=CC=C1
BrC1=C(Br)C(Br)(Br)C(Br)=C1Br.O=C1C=CC(=O)N1C1=CC=C(Br)C=C1,,O=C1C2C(C(=O)N1C1=CC=C(Br)C=C1)C1(Br)C(Br)=C(Br)C2(Br)C1(Br)Br
O=C1C=CC(=O)O1.CC1=CC(C2=CCCC=C2C2=C(C)SC(C)=C2)=C(C)S1,,CC1=CC(C2=C(C3=C(C)SC(C)=C3)C3CCC2C2C(=O)OC(=O)C32)=C(C)S1
CC1=C(C)C(C)(O)C(C)=C1C.O=C1C=CC(=O)O1,,CC1=C(C)C2(C)C3C(=O)OC(=O)C3C1(C)C2(C)O
C=CC1=CN(C(=O)OC2=CC=CC=C2)C(C2=CC=CC=C2)CC1O.O=C1C=CC(=O)C=C1,,O=C1C=CC(=O)C2C1CC=C1C(O)CC(C3=CC=CC=C3)N(C(=O)OC3=CC=CC=C3)C12
O=C1C=CC(=O)C2=C1C=CC=C2.CC(C)[Si](OC(C=CC1=CC=CC=C1[N+](=O)[O-])=CN1C(=O)C2=CC=CC=C2C1=O)(C(C)C)C(C)C,,CC(C)[Si](OC1=CC(C2=CC=CC=C2[N+](=O)[O-])C2C(=O)C3=CC=CC=C3C(=O)C2C1N1C(=O)C2=CC=CC=C2C1=O)(C(C)C)C(C)C
C=CC=CO[Si](C)(C)C.COC(=O)C1=CC(OC)=C(C2=C(Cl)C(=O)C(Cl)=CC2=O)C(C(=O)OC)=C1,,COC(=O)C1=CC(OC)=C(C2=C(Cl)C(=O)C3(Cl)C(O[Si](C)(C)C)C=CCC3C2=O)C(C(=O)OC)=C1
C=C(C)C(C)=O.C=C(C)C=COC(C)=O,,CC(=O)OC1C=C(C)CCC1(C)C(C)=O
CC1=CC(=O)C=CC1=O.C=C(C)C(=C)C,,CC1=CC(=O)C2CC(C)=C(C)CC2C1=O
C=C(C#N)SC.CC=CC=CNC(=O)OCC,,CCOC(=O)NC1C=CC(C)CC1(C#N)SC
C=C(C)C(C(=O)OC)=C(OC)O[Si](C)(C)C.O=C1C=CC(=O)C2=C1C=CC=C2O,,COC(=O)C1=C(C)CC2C(=O)C3=CC=CC(O)=C3C(=O)C2C1(OC)O[Si](C)(C)C
C=C(C)C=CC1=CC=C2C(=C1)C=CN2S(=O)(=O)C1=CC=CC=C1.C=C(C)C=CC1=CC=C2C(=C1)C=CN2S(=O)(=O)C1=CC=CC=C1,,CC1=CC(C2=CC=C3C(=C2)C=CN3S(=O)(=O)C2=CC=CC=C2)C(C)(C=CC2=CC=C3C(=C2)C=CN3S(=O)(=O)C2=CC=CC=C2)CC1
O=C1C=CC(=O)N1C1=CC=CC=C1.C=CC1=CC2(CC)C3=CC=CC=C3C(=O)N2C1,,CCC12C3=CC=CC=C3C(=O)N1CC1=CCC3C(=O)N(C4=CC=CC=C4)C(=O)C3C12
C=C(C)C=C(C)C.COC1=CC=C(C2=CCCC2)C=C1,,COC1=CC=C(C23CCCC2CC(C)=CC3(C)C)C=C1
C1=CCC=C1.O=C1C=CC(=O)C1=C1C=CC=CC=C1,,O=C1C(=C2C=CC=CC=C2)C(=O)C2C3C=CC(C3)C12
C=CC1=CCC2C(=O)C3=C(O)C(Br)=CC=C3C(=O)C2(C)C1C1=CC=C(Br)C=C1.O=C1C=CC(=O)N1C1=CC=CC=C1,,CC12C(=O)C3=CC=C(Br)C(O)=C3C(=O)C1CC1C(=CCC3C(=O)N(C4=CC=CC=C4)C(=O)C31)C2C1=CC=C(Br)C=C1
C=C(C)C(=C)C.C=C(OC(=O)C1=CC=CC2=CC=CC=C12)C(C)=O,,CC(=O)C1(OC(=O)C2=CC=CC3=CC=CC=C23)CCC(C)=C(C)C1
C=C(C=C(OC)O[Si](C)(C)C)O[Si](C)(C)C.CCOC(=O)CN1C(=O)C(Br)=CS1(=O)=O,,CCOC(=O)CN1C(=O)C2(Br)C(CC(O[Si](C)(C)C)=CC2(OC)O[Si](C)(C)C)S1(=O)=O
C1=CC23CC2(C=C1)SCS3.O=C1C=CC(=O)N1C1=CC=CC=C1,,O=C1C2C(C(=O)N1C1=CC=CC=C1)C1C=CC2C23CC12SCS3
O=C1C=C(Br)C(=O)C2=C1C=CC=C2OCC1=CC=CC=C1.C=C(C=C(OC)O[Si](C)(C)C)OC,,COC1=CC(OC)(O[Si](C)(C)C)C2(Br)C(=O)C3=C(OCC4=CC=CC=C4)C=CC=C3C(=O)C2C1
C=C(C=CN1C(C2=CC=CC=C2)CCC1C1=CC=CC=C1)O[Si](C)(C)C(C)(C)C.C=CC(=O)OC(C)(C)C,,CC(C)(C)OC(=O)C1CCC(O[Si](C)(C)C(C)(C)C)=CC1N1C(C2=CC=CC=C2)CCC1C1=CC=CC=C1
C1=CCCC=C1.O=S1(=O)C=CCCCO1,,O=S1(=O)OCCCC2C3C=CC(CC3)C21
C=CC1=CC(OC)OC2COC(C3=CC=CC=C3)OC12.O=C1C=CC(=O)O1,,COC1OC2COC(C3=CC=CC=C3)OC2C2=CCC3C(=O)OC(=O)C3C21
CCOC(=O)C(=CC1=CC=C([N+](=O)[O-])C=C1)S(=O)(=O)C(F)(F)C(F)(F)C(F)(F)C(F)(F)F.C=C(C)C(=C)C,,CCOC(=O)C1(S(=O)(=O)C(F)(F)C(F)(F)C(F)(F)C(F)(F)F)CC(C)=C(C)CC1C1=CC=C([N+](=O)[O-])C=C1
C#C.O=C(O)C=CC=CC(=O)O,,O=C(O)C1C=CC(C(=O)O)C=C1
O=C1C=CC(=O)N1C1=CC=CC=C1.CC1=CC=C(S(=O)C(C=CCO)=CC2=CC=CC=C2)C=C1,,CC1=CC=C(S(=O)C2=CC(CO)C3C(=O)N(C4=CC=CC=C4)C(=O)C3C2C2=CC=CC=C2)C=C1
C=CC(=C)CCC1C(=C)CCC2C(C)(C(=O)O)CCCC12C.O=C1C=CC(=O)C2=C1C=CC=C2,,C=C1CCC2C(C)(C(=O)O)CCCC2(C)C1CCC1=CCC2C(=O)C3=CC=CC=C3C(=O)C2C1
C=C(C)C(=CC=CC1=CC=CC=C1)C(=C)C.C=CC=O,,C=C(C)C1=C(C)CCC(C=O)C1C=CC1=CC=CC=C1
C=CC(=C)C1=CC=C(OC)C=C1.C=CC(C)=O,,COC1=CC=C(C2=CCC(C(C)=O)CC2)C=C1
C1=CCC=C1.FC1(F)C=CC1(F)F,,FC1(F)C2C3C=CC(C3)C2C1(F)F
C1=CCC=C1.O=CC=CC(=O)CC1=CC=CC=C1,,O=CC1C2C=CC(C2)C1C(=O)CC1=CC=CC=C1
C=CC(=O)OC1CC(C)CCC1C(C)(C)C1=CC=CC=C1.C1=CCC=C1,,CC1CCC(C(C)(C)C2=CC=CC=C2)C(OC(=O)C2CC3C=CC2C3)C1
C=CC=C1CC1.O=C1C=CC(=O)C=C1,,O=C1C=CC(=O)C2C1CC=CC21CC1
C#CC(=O)OC.C1=CC2(C=C1)CC2,,COC(=O)C1=CC2C=CC1C21CC1
C=C(C)C(=C)C.CC(C=O)=CC1=CC=CC=C1,,CC1=C(C)CC(C)(C=O)C(C2=CC=CC=C2)C1
CC(C)=C1C=CC=C1.N#CC(C#N)=C(C#N)C#N,,CC(C)=C1C2C=CC1C(C#N)(C#N)C2(C#N)C#N
COC(=O)C#CC(=O)OC.C=CC(=C)C(NOCC1=CC=CC=C1)C(=O)OCC,,CCOC(=O)C(NOCC1=CC=CC=C1)C1=CCC(C(=O)OC)=C(C(=O)OC)C1
C(=CC1=CC=CC=C1)C(=CC1=CC=CC=C1)C1=CC=CC=C1.O=C1C=CC(=O)O1,,O=C1OC(=O)C2C(C3=CC=CC=C3)C(C3=CC=CC=C3)=CC(C3=CC=CC=C3)C12
O=C1C=CC(=O)N1C1=CC=CC=C1.C=C1C=CCOC2=CC=CC=C2CC(C(=O)OC)NC(=O)C2=CC(=CC=C2)CN(S(=O)(=O)C2=CC=C(I)C=C2)C1,,COC(=O)C1CC2=CC=CC=C2OCC2C=C(CC3C(=O)N(C4=CC=CC=C4)C(=O)C23)CN(S(=O)(=O)C2=CC=C(I)C=C2)CC2=CC(=CC=C2)C(=O)N1
C=CC1(C)OCCO1.C1=CCC=C1,,CC1(C2CC3C=CC2C3)OCCO1
CC(C)C1C(=C[Si](C)(C)C)C(=C[Si](C)(C)C)C(=O)N1CC1=CC=CC=C1.O=C1C=CC(=O)N1C1=CC=CC=C1,,CC(C)C1C2=C(C(=O)N1CC1=CC=CC=C1)C([Si](C)(C)C)C1C(=O)N(C3=CC=CC=C3)C(=O)C1C2[Si](C)(C)C
COC(=O)C1=C(C2=CC=CC=C2)C(C2=CC=CC=C2)=C(C(=O)OC)C1=O.O=C1C=CC(=O)N1C1=CC=CC([N+](=O)[O-])=C1,,COC(=O)C12C(=O)C(C(=O)OC)(C(C3=CC=CC=C3)=C1C1=CC=CC=C1)C1C(=O)N(C3=CC=CC([N+](=O)[O-])=C3)C(=O)C12
CC1=CCC=C1.O=C1C=CC(=O)C=C1,,CC1=CC2CC1C1C(=O)C=CC(=O)C21
C=C(C)C(=C)C.COC1(OC)C=CC(=NC(=O)C2=CC=CC=C2)C=C1,,COC1(OC)C=CC(=NC(=O)C2=CC=CC=C2)C2CC(C)=C(C)CC21
C1=CCC=C1.O=[N+]([O-])C=CC1=CC=CC=C1Cl,,O=[N+]([O-])C1C2C=CC(C2)C1C1=CC=CC=C1Cl
C=CC=CNC(=O)OC(C)(C)C.CC1=CC(=NC(=O)C2=CC=CC=C2)C=C(C)C12OCCO2,,CC1=CC(=NC(=O)C2=CC=CC=C2)C2C(NC(=O)OC(C)(C)C)C=CCC2(C)C12OCCO2
O=C1C=CC(=O)O1.C=CC1=CCC(OC(=O)NCC2=CC=CC=C2)COC12CCCCC2,,O=C(NCC1=CC=CC=C1)OC1COC2(CCCCC2)C2=CCC3C(=O)OC(=O)C3C2C1
C=CC=O.CCOP(=O)(OCC)OC(=CSCC)C1=CCCC1,,CCOP(=O)(OCC)OC1=C2CCCC2CC(C=O)C1SCC
O=C1N(C2=CC=CC=C2)C(C=CC2=CC=CC=C2)=CC(C2=CC=CC=C2)C1(C1=CC=CC=C1)C1=CC=CC=C1.O=C1C=CC(=O)N1C1=CC=CC=C1,,O=C1C2C(C3=CC=CC=C3)C=C3C(C2C(=O)N1C1=CC=CC=C1)C(C1=CC=CC=C1)C(C1=CC=CC=C1)(C1=CC=CC=C1)C(=O)N3C1=CC=CC=C1
BrC=CBr.C1=CC2(C=C1)CC2,,BrC1C(Br)C2C=CC1C21CC1
O=C1C=CC(=O)N1C1=CC=CC=C1.C=C(O[Si](C)(C)C)C1=CCCC2=C1C=CC=C2,,C[Si](C)(C)OC1=C2C3=CC=CC=C3CCC2C2C(=O)N(C3=CC=CC=C3)C(=O)C2C1
CC(=O)NC1=CC(=O)C=C(Cl)C1=O.COC=C(C)C(=CC#N)O[Si](C)(C)C(C)(C)C,,COC1C(C)=C(O[Si](C)(C)C(C)(C)C)C(C#N)C2C(=O)C=C(NC(C)=O)C(=O)C12Cl
CC=C(C)C=O.C1=CCC=C1,,CC1C2C=CC(C2)C1(C)C=O
C1=CCC=C1.C=C(C)S(=O)C1=CC=CC=C1,,CC1(S(=O)C2=CC=CC=C2)CC2C=CC1C2
C=CC(=C)C=C.CC=CC=O,,C=CC1=CCC(C=O)C(C)C1
C=CC(C=C)=CC=CC1=CC=CC=C1.C=CC=O,,C=CC1=CCCC(C=O)C1C=CC1=CC=CC=C1
CCOC(=O)C1C(CC)=C(C)C=CC1C1=CC=C(OC)C=C1.O=C1C=CC(=O)N1C1=CC=CC=C1,,CCOC(=O)C1C(C2=CC=C(OC)C=C2)C2C=C(C)C1(CC)C1C(=O)N(C3=CC=CC=C3)C(=O)C21
C1=CCC=C1.C=CC#CC1=CC(=O)C=CC1(OC)OC,,C=CC#CC1=CC(=O)C2C3C=CC(C3)C2C1(OC)OC
ClC1=C(Cl)C(Cl)(Cl)C(Cl)=C1Cl.CC(=O)ON1C(=O)C2CC=CCC2C1=O,,CC(=O)ON1C(=O)C2CC3C(CC2C1=O)C1(Cl)C(Cl)=C(Cl)C3(Cl)C1(Cl)Cl
C=C(C)C=CO[Si](C)(C)C.COC(=O)C1=CCC(CC(=O)OC(C)(C)C)C=C1,,COC(=O)C12C=CC(CC(=O)OC(C)(C)C)CC1CC(C)=CC2O[Si](C)(C)C
C=CC(=C)C.C1=CC2(CC1)OCCO2,,CC1=CCC2C(CCC23OCCO3)C1
C=CC1=CC2=CC=C(OC)C(O[Si](CCC(F)(F)C(F)(F)C(F)(F)C(F)(F)C(F)(F)C(F)(F)C(F)(F)C(F)(F)F)(C(C)C)C(C)C)=C2OC1(C)C.CC(=O)C1=CC=C(N2C(=O)C=CC2=O)C=C1,,COC1=CC=C2C(=C1O[Si](CCC(F)(F)C(F)(F)C(F)(F)C(F)(F)C(F)(F)C(F)(F)C(F)(F)C(F)(F)F)(C(C)C)C(C)C)OC(C)(C)C1=CCC3C(=O)N(C4=CC=C(C(C)=O)C=C4)C(=O)C3C12
O=C1C=CC(=O)C=C1.C=C(C(=C)C(=O)OC)C(=O)OC,,COC(=O)C1=C(C(=O)OC)CC2C(=O)C=CC(=O)C2C1
O=C1C=CC(=O)N1C1=CC=CC=C1.C=C1CCCC(C#N)(C#N)C1=CC1=CC=CC=C1,,N#CC1(C#N)CCCC2=C1C(C1=CC=CC=C1)C1C(=O)N(C3=CC=CC=C3)C(=O)C1C2
ClC1=C(Cl)C(Cl)(Br)C(Cl)=C1Cl.O=C1C=CC(=O)N1C1=CC=CC=C1,,O=C1C2C(C(=O)N1C1=CC=CC=C1)C1(Cl)C(Cl)=C(Cl)C2(Cl)C1(Cl)Br
CC1=CC(=O)C=CC1=O.C1=CCC=C1,,CC1=CC(=O)C2C3C=CC(C3)C2C1=O
C=C(C)C(=C)C.O=S1(=O)C(F)=C(F)C(F)=C1F,,CC1=C(C)CC2(F)C(F)(C1)C(F)=C(F)S2(=O)=O
C1=CCC=C1.O=C1C=CC(O)C1,,O=C1CC(O)C2C3C=CC(C3)C12
C1=CCC=C1.COC1=CC=CC2=C1C(=O)C=C(S(=O)C1=CC=C(C)C=C1)C2=O,,COC1=CC=CC2=C1C(=O)C1C3C=CC(C3)C1(S(=O)C1=CC=C(C)C=C1)C2=O
O=C1C=CC(=O)N1C1=CC=C(Br)C=C1.C=CC1=CCC2(C)C(=O)C3=CC=CC=C3C(=O)C2(C)C1C1=CC=C(C(C)C)C=C1,,CC(C)C1=CC=C(C2C3=CCC4C(=O)N(C5=CC=C(Br)C=C5)C(=O)C4C3CC3(C)C(=O)C4=CC=CC=C4C(=O)C23C)C=C1
O=C1C=CC(=O)N1C1=CC=CC=C1.COC1=CC=C(N2C=CC=C(CO)C2C2=CC=C(C#N)C=C2)C=C1,,COC1=CC=C(N2C3C=CC(CO)(C4C(=O)N(C5=CC=CC=C5)C(=O)C34)C2C2=CC=C(C#N)C=C2)C=C1
COC1=CC=C2C3CC4=CC=C(OC)C5=C4C2(CCN3C)C1O5.C=CC=O,,COC1=CC=C2CC3N(C)CCC45C2=C1OC4C1(OC)C=CC35CC1C=O
C=CC=COC(C)=O.O=C1C=C(Cl)C(=O)C=C1Cl,,CC(=O)OC1C=CCC2C(=O)C(Cl)=CC(=O)C12Cl
CCOS(=O)C=CC(=O)OC.C=C(C)C(=C)C,,CCOS(=O)C1CC(C)=C(C)CC1C(=O)OC
C=CC(C)=O.N#CC(C#N)=C(C=CC1=CC=CC=C1)C1=CC=C(Cl)C=C1,,CC(=O)C1CC(C#N)(C#N)C(C2=CC=C(Cl)C=C2)=CC1C1=CC=CC=C1
C=C(O[Si](C)(C)C(C)(C)C)C1=CCCC2(C)C(O[Si](C)(C)C(C)(C)C)=CCC12O.CCOC(=O)C1=CCCCC1=O,,CCOC(=O)C12C(=O)CCCC1CC(O[Si](C)(C)C(C)(C)C)=C1C2CCC2(C)C(O[Si](C)(C)C(C)(C)C)=CCC12O
C=C(C)C(=C)C.C=C(C)C(=O)N1C(=O)C2(C)CCC1C2(C)C,,CC1=C(C)CC(C)(C(=O)N2C(=O)C3(C)CCC2C3(C)C)CC1
CC1=CC=C(N2C(=O)C=CC2=O)C=C1.C=CC=CC1C(=O)N(C2=CC=CC=C2)C1C1=CC=C(OC)C=C1,,COC1=CC=C(C2C(C3C=CCC4C(=O)N(C5=CC=C(C)C=C5)C(=O)C43)C(=O)N2C2=CC=CC=C2)C=C1
C=CC(=C)O[Si](C)(C)C.C=C(NC(=O)C1=CC=CC=C1)C(=O)OC,,COC(=O)C1(NC(=O)C2=CC=CC=C2)CC=C(O[Si](C)(C)C)CC1
ClC1=C(Cl)C(Cl)(Cl)C(Cl)=C1Cl.O=C1C2CC=CCC2C(=O)N1C1=CC=CC=C1[N+](=O)[O-],,O=C1C2CC3C(CC2C(=O)N1C1=CC=CC=C1[N+](=O)[O-])C1(Cl)C(Cl)=C(Cl)C3(Cl)C1(Cl)Cl
CC1=C(C2=CC=CC=C2)C(C2=CC=CC=C2)=C(C)C1=O.BrCC=CCBr,,CC12C(=O)C(C)(C(C3=CC=CC=C3)=C1C1=CC=CC=C1)C(CBr)C2CBr
CC1(C)C=CC=CC1.O=S(=O)(C=CS(=O)(=O)C1=CC=CC=C1)C1=CC=CC=C1,,CC1(C)CC2C=CC1C(S(=O)(=O)C1=CC=CC=C1)C2S(=O)(=O)C1=CC=CC=C1
C1=CCCC=C1.O=C1C=CCS1,,O=C1SCC2C3C=CC(CC3)C12
C=CC(=O)OCC.C=CC=C,,CCOC(=O)C1CC=CCC1
COC(=O)C=CCBr.C=C(C)C(=C)C,,COC(=O)C1CC(C)=C(C)CC1CBr
CC=CC(=O)N1CC2C3C4=CC=CC=C4C(C(C)OC)(C4=CC=CC=C43)C2C1=O.C=C(C)C(=C)C,,COC(C)C12C3=CC=CC=C3C(C3=CC=CC=C31)C1CN(C(=O)C3CC(C)=C(C)CC3C)C(=O)C12
N#CC(C#N)=C(C#N)C#N.CC1=CC(C=CC=CC2=CC=C(N(C)C)C=C2)=C2C(C)=CC=C(C(C)C)C=C12,,CC1=CC(C2C=CC(C3=CC=C(N(C)C)C=C3)C(C#N)(C#N)C2(C#N)C#N)=C2C(C)=CC=C(C(C)C)C=C12
CC=CC(=O)O.C=CC(=C)C1=CC=C(OC)C=C1,,COC1=CC=C(C2=CCC(C(=O)O)C(C)C2)C=C1
C=C(C)C(=C)C(C)C.O=C1C=CC(=O)O1,,CC1=C(C(C)C)CC2C(=O)OC(=O)C2C1
O=C1C=CC(=O)N1C1=CC=CC=C1.O=C(NC=CC=CSC1=CC=CC=C1)OCC1=CC=CC=C1,,O=C(NC1C=CC(SC2=CC=CC=C2)C2C(=O)N(C3=CC=CC=C3)C(=O)C12)OCC1=CC=CC=C1
C1=CCC=C1.O=C1C(Cl)=C(Cl)C(=O)N1C1=CC=C([N+](=O)[O-])C=C1,,O=C1N(C2=CC=C([N+](=O)[O-])C=C2)C(=O)C2(Cl)C3C=CC(C3)C12Cl
O=C1C=CC(=O)O1.C=CC1=CCOC1C(C)C,,CC(C)C1OCC2C1=CCC1C(=O)OC(=O)C12
C=CC(=C)C1=CC=C(C(F)(F)F)C=C1.O=C1C=CCCC1,,O=C1CCCC2CC(C3=CC=C(C(F)(F)F)C=C3)=CCC12
COC1(OC)C(Br)=C(Br)C(Br)=C1Br.C=CC(=O)Cl,,COC1(OC)C2(Br)CC(C(=O)Cl)C1(Br)C(Br)=C2Br
O=C1C=CC(=O)C2=C1C=CC=C2.C=CC=CC1=CC=CC=C1OC,,COC1=CC=CC=C1C1C=CCC2C(=O)C3=CC=CC=C3C(=O)C21
COC1=CC=CCC1.CN1C(=O)C=CC1=O,,COC12C=CC(CC1)C1C(=O)N(C)C(=O)C12
C=C(C)C(=C)C.N#CC(C(=O)O)=C1C(=O)NC2=CC=CC=C12,,CC1=C(C)CC2(C(=O)NC3=CC=CC=C32)C(C#N)(C(=O)O)C1
C=C(C)C(=C)C.C=C(C(C)=O)S(=O)(=O)C1=CC=CC=C1,,CC(=O)C1(S(=O)(=O)C2=CC=CC=C2)CCC(C)=C(C)C1
C1=CCC=C1.CS(=O)(=O)C1=CC=C(Cl)S1(=O)=O,,CS(=O)(=O)C12C3C=CC(C3)C1C=C(Cl)S2(=O)=O
C=CC1=CC(C)(C)OC2=C(O[Si](C)(C)C(C)(C)C)C(OC)=CC=C12.O=C1C=CC(=O)N1C1=CC=CC(C2=CC=CC=C2)=C1,,COC1=CC=C2C3=CCC4C(=O)N(C5=CC=CC(C6=CC=CC=C6)=C5)C(=O)C4C3C(C)(C)OC2=C1O[Si](C)(C)C(C)(C)C
COC1(OC)C=CC(=NC(=O)C2=CC=CC=C2)C=C1Cl.C=CC(C)=CC,,COC1(OC)C(Cl)=CC(=NC(=O)C2=CC=CC=C2)C2C(C)C(C)=CCC21
C1=CC2(C=C1)CCCC2.C=CCC1=C(CC=C)C(=O)C=CC1=O,,C=CCC1=C(CC=C)C(=O)C2C(C1=O)C1C=CC2C12CCCC2
C=CC1=CCC2(C)C(=O)C3=CC=CC=C3C(=O)C2(C)C1C1=CC=C(Cl)C=C1.O=C1C=CC(=O)N1C1CCCCC1,,CC12CC3C(=CCC4C(=O)N(C5CCCCC5)C(=O)C43)C(C3=CC=C(Cl)C=C3)C1(C)C(=O)C1=CC=CC=C1C2=O
C=CC=CN(C(=O)C1=CC=CC=C1)C(=CC)O[Si](C)(C)C(C)(C)C.C=CC(=O)OC,,CC=C(O[Si](C)(C)C(C)(C)C)N(C(=O)C1=CC=CC=C1)C1C=CCCC1C(=O)OC
C=C1C(=C)C(S(=O)(=O)C2=CC=CC=C2)CCCC=C1S(=O)(=O)C1=CC=CC=C1.COC(=O)C#CC(=O)OC,,COC(=O)C1=C(C(=O)OC)CC2=C(C1)C(S(=O)(=O)C1=CC=CC=C1)=CCCCC2S(=O)(=O)C1=CC=CC=C1
C=CC(C)=COC1CCCCC1C1=C(C)C=C(C)C=C1C.O=C1C=CC(=O)O1,,CC1=CCC2C(=O)OC(=O)C2C1OC1CCCCC1C1=C(C)C=C(C)C=C1C
C=CC(=O)CC.C1=CCCC=C1,,CCC(=O)C1CC2C=CC1CC2
C=CC1=CC(C)(NC(=O)C2=CC=CC=C2)C(=O)C1=CC.O=C1C=CC(=O)N1C1=CC=CC=C1,,CC=C1C(=O)C(C)(NC(=O)C2=CC=CC=C2)C2C1=CCC1C(=O)N(C3=CC=CC=C3)C(=O)C12
ClC1=C(Cl)C(Cl)=C(Cl)C1.O=C1C=CC(=O)C2=CC=CC=C12,,O=C1C2=CC=CC=C2C(=O)C2C1C1(Cl)CC2(Cl)C(Cl)=C1Cl
BrC1=C(Br)C(Br)(Br)C(Br)=C1Br.C=CC(=O)OC1=CC=CC=C1,,O=C(OC1=CC=CC=C1)C1CC2(Br)C(Br)=C(Br)C1(Br)C2(Br)Br
C1=CC2C3C1C23.COC1(OC)C(Cl)=C(Cl)C(Cl)=C1Cl,,COC1(OC)C2(Cl)C(Cl)=C(Cl)C1(Cl)C1C3C4C3C4C12
CC1=CC(=O)C(=CC2=CC=CC=C2)S1(=O)=O.C1=CCC=C1,,CC12C3C=CC(C3)C1C(=O)C(=CC1=CC=CC=C1)S2(=O)=O
N#CC=CC#N.C=C1C(=C)N(C)CCN1C,,CN1CCN(C)C2=C1CC(C#N)C(C#N)C2
C=CC(=O)OC.C=CC=CN(CC1=CC=CC=C1)C(=O)C1=CC=CC=C1,,COC(=O)C1CCC=CC1N(CC1=CC=CC=C1)C(=O)C1=CC=CC=C1
O=C1C=CC(=O)C2=C1C=CC=C2.C=CC1=CCOC2C1OC1OC(C)(C)OC12,,CC1(C)OC2OC3C4=CCC5C(=O)C6=CC=CC=C6C(=O)C5C4COC3C2O1
C=CC(=C)CC(C)(C)C.O=C1C=CC(=O)O1,,CC(C)(C)CC1=CCC2C(=O)OC(=O)C2C1
CCN1C(=O)C=CC1=O.C=CC1=CCC2C(=O)C3=C(O)C=CC=C3C(=O)C2(C)C1C1=CC=C(F)C=C1,,CCN1C(=O)C2CC=C3C(CC4C(=O)C5=C(O)C=CC=C5C(=O)C4(C)C3C3=CC=C(F)C=C3)C2C1=O
CN1C(=O)C=CC1=O.CC(C)[Si](OC(C=CC1=CC=CC=C1[N+](=O)[O-])=CN1C(=O)C2=CC=CC=C2C1=O)(C(C)C)C(C)C,,CC(C)[Si](OC1=CC(C2=CC=CC=C2[N+](=O)[O-])C2C(=O)N(C)C(=O)C2C1N1C(=O)C2=CC=CC=C2C1=O)(C(C)C)C(C)C
O=C(NC1C=C(C=CC2=CC=CC=C2)CC1)C(Cl)(Cl)Cl.O=C1C=CC(=O)N1C1=CC=CC=C1,,O=C1C2C(C3=CC=CC=C3)C=C3CCC(NC(=O)C(Cl)(Cl)Cl)C3C2C(=O)N1C1=CC=CC=C1
COC(=O)C1=C(C2=CC=CC=C2)C(C2=CC=CC=C2)=C(C(=O)OC)C1=O.C=CC1=CC=C(C)C=C1,,COC(=O)C12CC(C3=CC=C(C)C=C3)C(C(=O)OC)(C1=O)C(C1=CC=CC=C1)=C2C1=CC=CC=C1
CC1(C)OCC(C=C2N=C(C3=CC=CC=C3)OC2=O)O1.C=CC=CO[Si](C)(C)C,,CC1(C)OCC(C2CC=CC(O[Si](C)(C)C)C23N=C(C2=CC=CC=C2)OC3=O)O1
C#CC(C)(C)C.C=CC(=C)O[Si](C)(C)C,,CC(C)(C)C1=CCC=C(O[Si](C)(C)C)C1
C=CC(=C)OC.O=C1C=CC(=O)C=C1,,COC1=CCC2C(=O)C=CC(=O)C2C1
CCN(CC)C(=O)C=CC(=O)N(CC)CC.C1=CCCC=C1,,CCN(CC)C(=O)C1C2C=CC(CC2)C1C(=O)N(CC)CC
COC(=O)C=C(C(=O)OCC1=CC=CC=C1)S(=O)C1=CC=C(C)C=C1.C=CC1=CCCCCC1,,COC(=O)C1CC=C2CCCCCC2C1(C(=O)OCC1=CC=CC=C1)S(=O)C1=CC=C(C)C=C1
CCOC(=O)C=CCCC=CCOCC1=CC=CC=C1.C=CC(=C)O[Si](C)(C)C,,CCOC(=O)C1CC=C(O[Si](C)(C)C)CC1CCC=CCOCC1=CC=CC=C1
ClC1=C(Cl)C(Cl)(Cl)C(Cl)=C1Cl.C=CCOC(=O)CBr,,O=C(CBr)OCC1CC2(Cl)C(Cl)=C(Cl)C1(Cl)C2(Cl)Cl
CC1=CC(=O)OC1=O.C1=CCC=C1,,CC12C(=O)OC(=O)C1C1C=CC2C1
C1=CC2OC2C=C1.O=S(=O)(C=CS(=O)(=O)C1=CC=CC=C1)C1=CC=CC=C1,,O=S(=O)(C1=CC=CC=C1)C1C2C=CC(C3OC23)C1S(=O)(=O)C1=CC=CC=C1
C=CC(=O)NC(C)(C)C1=CC=CC=C1.ClC1=C(Cl)C(Cl)(Cl)C(Cl)=C1Cl,,CC(C)(NC(=O)C1CC2(Cl)C(Cl)=C(Cl)C1(Cl)C2(Cl)Cl)C1=CC=CC=C1
C=C(C=CN1C(=O)OC2CC3=CC=CC=C3C21)O[Si](C)(C)C(C)(C)C.C=C(C)C=O,,CC1(C=O)CCC(O[Si](C)(C)C(C)(C)C)=CC1N1C(=O)OC2CC3=CC=CC=C3C21
C=CC1=CCC2(CC1)OCCO2.O=C1C=CC(=O)C=C1,,O=C1C=CC(=O)C2C1CC=C1CCC3(CC12)OCCO3
C=CC1=CC2=C(OC)C=C(CCCCC)C=C2OC1(C)C.O=C1C=C(Br)C(=O)O1,,CCCCCC1=CC(OC)=C2C(=C1)OC(C)(C)C1=CCC3C(=O)OC(=O)C3(Br)C12
C=CC1=CC=NC=C1.C=C(C(=C)C1CC1)C1CC1,,C1=NC=CC(C2CCC(C3CC3)=C(C3CC3)C2)=C1
C=CC(=O)O.C=C(C)C(C)=CC1=CC=C(OC)C=C1,,COC1=CC=C(C2C(C)=C(C)CCC2C(=O)O)C=C1
CC1(C)C=CC1=O.C1=CCC=C1,,CC1(C)C(=O)C2C3C=CC(C3)C21
C1=C(C2=CC3CC2C2=CC=CC=C23)C2CC1C1=CC=CC=C12.N#CC(C#N)=C(C#N)C#N,,N#CC1(C#N)C2C(=C3C4CC(C5=CC=CC=C54)C3C1(C#N)C#N)C1CC2C2=CC=CC=C21
C1=CCC=C1.CCOP(=O)(C#CC1=CC=C(F)C=C1)OCC,,CCOP(=O)(OCC)C1=C(C2=CC=C(F)C=C2)C2C=CC1C2
C1=CCCC=C1.O=CC=CC(F)(F)F,,O=CC1C2C=CC(CC2)C1C(F)(F)F
C=C(C)C(=C)C.N#CC=CS(=O)(=O)C1=CC=CC=C1,,CC1=C(C)CC(S(=O)(=O)C2=CC=CC=C2)C(C#N)C1
CN1C(=O)C=CC1=O.O=C(C=CC1=CN(S(=O)(=O)C2=CC=CC=C2)CCC1)OCC1=CC=CC=C1,,CN1C(=O)C2C(C(=O)OCC3=CC=CC=C3)C=C3CCCN(S(=O)(=O)C4=CC=CC=C4)C3C2C1=O
COC(=O)C1=CC2C3C(=O)N(C4=CC=CC=C4)C(=O)C3C1C(=O)N2C.C=C(C)C(=C)C,,COC(=O)C12CC(C)=C(C)CC1C1C3C(=O)N(C4=CC=CC=C4)C(=O)C3C2C(=O)N1C
CC=CCO.COC1(OC)C(Cl)=C(Cl)C(Cl)=C1Cl,,COC1(OC)C2(Cl)C(Cl)=C(Cl)C1(Cl)C(CO)C2C
N#CC(C#N)=C(C#N)C#N.C=C1CC2CC(C1=C)C(=C)C2=C,,C=C1C(=C)C2CC1CC1=C2CC(C#N)(C#N)C(C#N)(C#N)C1
CC=CC(=CC)OCC.C=CC=O,,CCOC1=CC(C)C(C=O)CC1C
C=CC(=C)C.C=C1C(=O)CCC1C(C)C,,CC1=CCC2(CC1)C(=O)CCC2C(C)C
C=CC1=CCCC1.COC(=O)C1=C(C)C(=O)C=C(C(C)C)C1=O,,COC(=O)C12C(=O)C(C(C)C)=CC(=O)C1(C)CC=C1CCCC12
O=C1OC(=O)C2=C1CCC2.C=CC1=CCCC2C(=O)C3OC(C)(C)OC3C(OCOC)C12,,COCOC1C2OC(C)(C)OC2C(=O)C2CCC3C(=CCC45CCCC34C(=O)OC5=O)C21
C=CC(=CC(=O)OC)CC.O=C1C=CC(=O)C=C1,,CCC1=CCC2C(=O)C=CC(=O)C2C1C(=O)OC
C1=CCC=C1.CC=COC1=CC=C(C=CC)C=C1,,CC=COC1=CC=C(C2C3C=CC(C3)C2C)C=C1
CC=CC(C)C.ClC1=C(Cl)C(Cl)(Cl)C(Cl)=C1Cl,,CC(C)C1C(C)C2(Cl)C(Cl)=C(Cl)C1(Cl)C2(Cl)Cl
CC(=O)C=CC(Cl)Cl.C1=CCC=C1,,CC(=O)C1C2C=CC(C2)C1C(Cl)Cl
C1=CCC=C1.O=S1(=O)C=CC2=CC=CC=C21,,O=S1(=O)C2=CC=CC=C2C2C3C=CC(C3)C21
C=C(C)C=O.C=CC1=CCCC2C(C)(C(=O)OC)CCCC12C,,COC(=O)C1(C)CCCC2(C)C3=CCCC(C)(C=O)C3CCC12
O=C1C(=CC=CC2=CC=CC=C2)C(C2=CC=CC=C2)N1C1=CC=CC=C1.N#CC(C#N)=C(C#N)C#N,,N#CC1(C#N)C(C2=CC=CC=C2)C=CC2(C(=O)N(C3=CC=CC=C3)C2C2=CC=CC=C2)C1(C#N)C#N
COC(=O)C=CC(=O)OC.C=C(C)C(=C)C,,COC(=O)C1CC(C)=C(C)CC1C(=O)OC
C=CCOC(=O)C1=CC=C(Br)C=C1.CCOC1(OCC)C(Cl)=C(Cl)C(Cl)=C1Cl,,CCOC1(OCC)C2(Cl)CC(COC(=O)C3=CC=C(Br)C=C3)C1(Cl)C(Cl)=C2Cl
C=CC=COC.COC1=CC(=O)C(C(C)(C)C)=CC1=O,,COC1=CC(=O)C2(C(C)(C)C)CC=CC(OC)C2C1=O
COC1=CC=C2C3CC4=CC=C(OC)C5=C4C2(CCN3C)C1([Si](C)(C)C)O5.O=C1C=CC(=O)C=C1,,COC1=CC=C2CC3N(C)CCC45C2=C1OC4([Si](C)(C)C)C1(OC)C=CC35C2C(=O)C=CC(=O)C21
COC1=CC=C2C3CC4=CC=C(OC)C5=C4C2(CCN3C)C1O5.C=CC(=O)C1=CC=C([N+](=O)[O-])C=C1,,COC1=CC=C2CC3N(C)CCC45C2=C1OC4C1(OC)C=CC35CC1C(=O)C1=CC=C([N+](=O)[O-])C=C1
C=CC(=O)OCCC.C1=CCC=C1,,CCCOC(=O)C1CC2C=CC1C2
C1=CCC=C1.N#CC#CC1=CC=C2OCOC2=C1,,N#CC1=C(C2=CC3=C(C=C2)OCO3)C2C=CC1C2
CN1C(=O)C=CC1=O.O=C(C1=CC=CC=C1)N1C(C2=COC3=CC=CC=C3N2C(=O)C2=CC=CC=C2)=COC2=C1C=CC=C2,,CN1C(=O)C2C3OC4=CC=CC=C4N(C(=O)C4=CC=CC=C4)C3=C3C(OC4=CC=CC=C4N3C(=O)C3=CC=CC=C3)C2C1=O
O=C1C=CC(=O)C2=C1C=CC=C2.C=CC(=C)CCOC(C)=O,,CC(=O)OCCC1=CCC2C(=O)C3=CC=CC=C3C(=O)C2C1
C=C(CC)[N+](=O)[O-].C=C(C)C(=C)C,,CCC1([N+](=O)[O-])CCC(C)=C(C)C1
ClC1=C(Cl)C(Cl)(Cl)C(Cl)=C1Cl.C=CCOC1=CC=C(C(C)(C)C)C=C1,,CC(C)(C)C1=CC=C(OCC2CC3(Cl)C(Cl)=C(Cl)C2(Cl)C3(Cl)Cl)C=C1
CCOC1CC(C2=CC=CC=C2)C=C(C=CC2=CC=CC=C2)N1S(=O)(=O)C1=CC=C(C)C=C1.N#CC(C#N)=C(C#N)C#N,,CCOC1CC(C2=CC=CC=C2)C2C(=CC(C3=CC=CC=C3)C(C#N)(C#N)C2(C#N)C#N)N1S(=O)(=O)C1=CC=C(C)C=C1
C=CC(C)=O.C1=CCCC=C1,,CC(=O)C1CC2C=CC1CC2
C=CC(=O)OC1CC(C)CCC1C(C)(C)C1=CC=C(OC)C=C1.C1=CCC=C1,,COC1=CC=C(C(C)(C)C2CCC(C)CC2OC(=O)C2CC3C=CC2C3)C=C1
C=CC=CNC(=O)OCC1=CC=CC=C1.CCOC(=O)N1C(=O)C(=CC(=O)OC)C2=CC=CC=C21,,CCOC(=O)N1C(=O)C2(C3=CC=CC=C31)C(NC(=O)OCC1=CC=CC=C1)C=CCC2C(=O)OC
C=CC(=CC)OCC.C=CC=O,,CCOC1=CCC(C=O)CC1C
COC1=CC=C2C3CC4=CC=C(OC)C(O)=C4C2(CCN3C)C1.CC(=O)NC1=CC(=O)C=CC1=O,,COC1=CC=C2CC3N(C)CCC4(CC5(OC)C=CC34C3C(=O)C=C(NC(C)=O)C(=O)C35)C2=C1O
COC(=O)C1=CN(C2=CC=C(OC)C=C2)C(=O)C1=O.C=C(C)C=CO[Si](C)(C)C,,COC(=O)C12C(=O)C(=O)N(C3=CC=C(OC)C=C3)C1CC(C)=CC2O[Si](C)(C)C
C1=CCC=C1.N#CC1=C(C#N)C(=O)C=CC1=O,,N#CC12C(=O)C=CC(=O)C1(C#N)C1C=CC2C1
COC(=O)C(C#N)=C(C#N)C(=O)OC.C=CC=CN(C)C,,COC(=O)C1(C#N)CC=CC(N(C)C)C1(C#N)C(=O)OC
C1=CCC=C1.C=CC1=CC=CC=N1,,C1=CC2CC1CC2C1=CC=CC=N1
CCN1C(=O)C=CC1=O.C=CC1=CCC2C(=O)C3=C(O)C=CC=C3C(=O)C2(C)C1C1=CC=CC=C1,,CCN1C(=O)C2CC=C3C(CC4C(=O)C5=C(O)C=CC=C5C(=O)C4(C)C3C3=CC=CC=C3)C2C1=O
O=C1C=CC(=O)N1CCO.O=C1C2CC3C(Cl)=C(Cl)C(Cl)=C(Cl)C3CC2C(=O)N1CCO,,O=C1C2CC3C(CC2C(=O)N1CCO)C1(Cl)C(Cl)=C(Cl)C3(Cl)C2C(=O)N(CCO)C(=O)C21
COC(=O)C=CC(=O)OC.CC=CC=CC,,COC(=O)C1C(C)C=CC(C)C1C(=O)OC
C=C.C1=C(C2=CCCCCC2)CCCCC1,,C1CCC2=C3CCCCCC3CCC2CC1
O=C1C(=O)C(F)=C(F)C(F)=C1F.COC(=O)C=CC(=O)OC,,COC(=O)C1C(C(=O)OC)C2(F)C(=O)C(=O)C1(F)C(F)=C2F
N#CC(C#N)=C(C#N)C#N.CCCC1=C(CCC)C2(C=CCC2)C(CCC)=C1CCC,,CCCC1=C(CCC)C2(CCC)C(C#N)(C#N)C(C#N)(C#N)C1(CCC)C21C=CCC1
COC(=O)C1C2C=CC(C1C(=O)OC)C1C3C(C)=C(C4=CC=CC=C4)C(C4=CC=CC=C4)=C(C)C3C21.N#CC(C#N)=C(C#N)C#N,,COC(=O)C1C2C=CC(C1C(=O)OC)C1C2C2C1C1(C)C(C3=CC=CC=C3)=C(C3=CC=CC=C3)C2(C)C(C#N)(C#N)C1(C#N)C#N
COC1=CC=C(C23C=CC4(CCCCC42C)C2C4C(=O)C=CC4CC(=O)C23)C=C1.C=C(O[Si](C)(C)C(C)(C)C)C1=CCCCC1,,COC1=CC=C(C23C=CC4(CCCCC42C)C2C4C(=O)C5C6CCCCC6=C(O[Si](C)(C)C(C)(C)C)CC5C4CC(=O)C23)C=C1
CCCCC(CC)COC(=O)C=CC=CC(=O)OCC(CC)CCCC.C=CC(=O)OCC(CC)CCCC,,CCCCC(CC)COC(=O)C1C=CC(C(=O)OCC(CC)CCCC)C(C(=O)OCC(CC)CCCC)C1
C=C(C)C(=C)C.C1=CC2=C(C=CC=C2)C1,,CC1=C(C)CC2C3=CC=CC=C3CC2C1
C1=CCC=C1.COC1=CC=C(C#CC#N)C=C1F,,COC1=CC=C(C2=C(C#N)C3C=CC2C3)C=C1F
C1=CCC=C1.CCC1=CC=C(N2C(=O)C=CC2=O)C=C1,,CCC1=CC=C(N2C(=O)C3C4C=CC(C4)C3C2=O)C=C1
COC1=CC=CC=C1C1C=C(C2=CC=CC=C2)C=CN1C1CC1.O=C1C=CC(=O)N1,,COC1=CC=CC=C1C1C2C(C3=CC=CC=C3)=CC(C3C(=O)NC(=O)C32)N1C1CC1
C=C(C)C=CC1=CN(S(=O)(=O)C2=CC=C(C)C=C2)C2=CC=CC=C12.C=CC(=O)O,,CC1=CC(C2=CN(S(=O)(=O)C3=CC=C(C)C=C3)C3=CC=CC=C23)C(C(=O)O)CC1
ClC1=C(Cl)C(Cl)=C(Cl)C1.C=CCC#CCOC(C)=O,,CC(=O)OCC#CCC1CC2(Cl)CC1(Cl)C(Cl)=C2Cl
C1=CCC=C1.N#CC(C#N)=CC1=CC=CC=C1,,N#CC1(C#N)C2C=CC(C2)C1C1=CC=CC=C1
CC12C=C(S(=O)(=O)C3=CC=CC=C3)C(=O)CC1CCCC2.C=C(C)C(=C)O[Si](C)(C)C(C)(C)C,,CC1=C(O[Si](C)(C)C(C)(C)C)CC2C3(C)CCCCC3CC(=O)C2(S(=O)(=O)C2=CC=CC=C2)C1
C=C1C(=C)C2C=CC1C2.O=C1C=CC(=O)C2=C1C1C=CC2C1,,O=C1C2=C(C(=O)C3CC4=C(CC13)C1C=CC4C1)C1C=CC2C1
C=CC1=CC(C)(C)N(O)C1(C)C.O=C1C=CC(=O)O1,,CC1(C)C2=CCC3C(=O)OC(=O)C3C2C(C)(C)N1O
C=CC1CC=CCC1.C1=CCC=C1,,C=CC1CCC2C3C=CC(C3)C2C1
C=CC(=O)N1CCOC1=O.C=C(C=CCCl)C([Si](C)(C)C(C)(C)C)[Si](C)(C)C(C)(C)C,,CC(C)(C)[Si](C)(C)C(C1=CC(CCl)C(C(=O)N2CCOC2=O)CC1)[Si](C)(C)C(C)(C)C
N#CC(C#N)=C(C#N)C#N.CC1CC(C)OC2=CC=CC=CC2C(=O)O1,,CC1CC(C)OC23C=CC(C=CC2C(=O)O1)C(C#N)(C#N)C3(C#N)C#N
C=C(C)C(=C)C.O=C1CCCC=C1Cl,,CC1=C(C)CC2(Cl)C(=O)CCCC2C1
O=S(=O)(C=CS(=O)(=O)C1=CC=CC=C1)C1=CC=CC=C1.C=C1CCCC2(C(=O)OC)CCCC=C12,,COC(=O)C12CCCC3=C1C(CCC2)C(S(=O)(=O)C1=CC=CC=C1)C(S(=O)(=O)C1=CC=CC=C1)C3
C=C(C)C1=CCON(C(=O)OC(C)(C)C)C1.COC(=O)C#CC(=O)OC,,COC(=O)C1=C(C(=O)OC)C2CON(C(=O)OC(C)(C)C)CC2=C(C)C1
C=C1C(=C)C2CC1CC1=C2CC(C#N)(C#N)C(C#N)(C#N)C1.N#CC(C#N)=C(C#N)C#N,,N#CC1(C#N)CC2=C(CC1(C#N)C#N)C1CC(C2)C2=C1CC(C#N)(C#N)C(C#N)(C#N)C2
C1=CCC=C1.O=C(C=CCl)N1CCOC1=O,,O=C1OCCN1C(=O)C1C2C=CC(C2)C1Cl
C1=CCC=C1.C=C1N=C(C2=CC=CC=C2)C(C(C)C)N(C(=O)OC(C)(C)C)C1=O,,CC(C)C1C(C2=CC=CC=C2)=NC2(CC3C=CC2C3)C(=O)N1C(=O)OC(C)(C)C
C=CC1=CCC2C(=O)C3=C(O)C=CC=C3C(=O)C2(C)C1C1=CC=C(Cl)C=C1.O=C1C=CC(=O)N1C1=CC=CC=C1,,CC12C(=O)C3=CC=CC(O)=C3C(=O)C1CC1C(=CCC3C(=O)N(C4=CC=CC=C4)C(=O)C31)C2C1=CC=C(Cl)C=C1
CCCCCCC=C1CC(=C[Si](C)(C)C)C(=CCCCCCC)CC1=C[Si](C)(C)C.O=C1C=CC(=O)C2=C1C=CC=C2,,CCCCCCC=C1CC2=C(CC1=C[Si](C)(C)C)C(CCCCCC)C1C(=O)C3=CC=CC=C3C(=O)C1C2[Si](C)(C)C
C1=CC(=C(C2=CC=CC=C2)C2=CC=CC=C2)C=C1.O=C(Cl)C=CC(=O)Cl,,O=C(Cl)C1C2C=CC(C2=C(C2=CC=CC=C2)C2=CC=CC=C2)C1C(=O)Cl
CC=CC1=CC=C(OC)C=C1.C=CC=CC,,COC1=CC=C(C2C(C)C=CCC2C)C=C1
C=C(Cl)C(=C)Cl.N#CC(C#N)=C(C#N)C#N,,N#CC1(C#N)CC(Cl)=C(Cl)CC1(C#N)C#N
O=C1N(CC2=CC=CC=C2)C(C=CC2=CC=CC=C2)=CC(C2=CC=CC=C2)C1(C1=CC=CC=C1)C1=CC=CC=C1.O=C1C=CC(=O)N1C1=CC=CC=C1,,O=C1C2C(C3=CC=CC=C3)C=C3C(C2C(=O)N1C1=CC=CC=C1)C(C1=CC=CC=C1)C(C1=CC=CC=C1)(C1=CC=CC=C1)C(=O)N3CC1=CC=CC=C1
C=C1C(=C)C2CC1CC2=O.N#CC(C#N)=C(C#N)C#N,,N#CC1(C#N)CC2=C(CC1(C#N)C#N)C1CC2CC1=O
C=C1CC=C(C)CC1=C.O=C1C=CC(=O)O1,,CC1=CCC2=C(C1)CC1C(=O)OC(=O)C1C2
O=C1C=CC(=O)N1C1=CC=CC=C1.C=CC1=CCC2=C3OC(=O)C=C(C)C3=CC=C2OC1,,CC1=CC(=O)OC2=C3CC4C(=CCC5C(=O)N(C6=CC=CC=C6)C(=O)C54)COC3=CC=C12
C=CC1=CC(O)C(C(C)O[Si](C2=CC=CC=C2)(C2=CC=CC=C2)C(C)(C)C)C1.N#CC(C#N)=C(C#N)C#N,,CC(O[Si](C1=CC=CC=C1)(C1=CC=CC=C1)C(C)(C)C)C1CC2=CCC(C#N)(C#N)C(C#N)(C#N)C2C1O
C=CC1=CC=CC=N1.C=C(C(=C)C1CC1)C1CC1,,C1=CC=C(C2CCC(C3CC3)=C(C3CC3)C2)N=C1
C=CCOC(=O)C1=CC=CC=C1Br.COC1(OC)C(Cl)=C(Cl)C(Cl)=C1Cl,,COC1(OC)C2(Cl)CC(COC(=O)C3=CC=CC=C3Br)C1(Cl)C(Cl)=C2Cl
C=C(C(=O)CCC=CC)C(=O)OC.C=CC(=COC)C(=C)O[Si](C)(C)C(C)(C)C,,C=CC1=C(O[Si](C)(C)C(C)(C)C)CCC(C(=O)CCC=CC)(C(=O)OC)C1OC
C1=CCC=C1.C[Si]1(C)C=C[Si](C)(C)CCC1,,C[Si]1(C)CCC[Si](C)(C)C2C3C=CC(C3)C21
C=CC1=CCC2(C)C(=O)C3=CC=CC=C3C(=O)C2(C)C1C1=CC=C(F)C=C1.O=C(O)CCN1C(=O)C=CC1=O,,CC12CC3C(=CCC4C(=O)N(CCC(=O)O)C(=O)C43)C(C3=CC=C(F)C=C3)C1(C)C(=O)C1=CC=CC=C1C2=O
COC(C)(C)C1C(C2=CC=CC=C2)=CC2=C1CCCC2.CCOC(=O)C=CC(=O)OCC,,CCOC(=O)C1C(C(=O)OCC)C2(C3=CC=CC=C3)C=C3CCCCC31C2C(C)(C)OC
C1=CCCC=C1.CC(C)(C)C1=CC=C(C=CC(=O)C2=CC=C(C(C)(C)C)C=C2)C=C1,,CC(C)(C)C1=CC=C(C(=O)C2C3C=CC(CC3)C2C2=CC=C(C(C)(C)C)C=C2)C=C1
C=CC(=CN(C)C)CC.O=[N+]([O-])C=CC1=CC=CC=C1,,CCC1=CCC(C2=CC=CC=C2)C([N+](=O)[O-])C1N(C)C
C=CC(C)=O.C=C(Cl)C(Cl)=C(Cl)C(=C)Cl,,C=C(Cl)C1(Cl)C(Cl)=C(Cl)CCC1C(C)=O
COC(=O)C1=CC2C3=CC=CC=C3N(S(=O)(=O)C3=CC=CC=C3)C2N1C(=O)OC.C1=CCC=C1,,COC(=O)N1C2C(C3=CC=CC=C3N2S(=O)(=O)C2=CC=CC=C2)C2C3C=CC(C3)C21C(=O)OC
N#CC=CC#N.CC1=CC(C=CC=CC2=CC=C(N(C)C)C=C2)=C2C(C)=CC=C(C(C)C)C=C12,,CC1=CC(C2C=CC(C3=CC=C(N(C)C)C=C3)C(C#N)C2C#N)=C2C(C)=CC=C(C(C)C)C=C12
O=C1C=CC(=O)N1C1=CC=CC=C1.C=CC(=CC)O[Si](C)(C)C,,CC1C(O[Si](C)(C)C)=CCC2C(=O)N(C3=CC=CC=C3)C(=O)C12
C(=CC1=CC=CC=C1)C1=C[Si](C2=CC=CC=C2)(C2=CC=CC=C2)CCC1.O=C1C=CC(=O)O1,,O=C1OC(=O)C2C1C(C1=CC=CC=C1)C=C1CCC[Si](C3=CC=CC=C3)(C3=CC=CC=C3)C12
CC1(C)C=C(C=O)C(=O)CC1.C=CC1=CCCC2C1C2(C#N)C(=O)OC(C)C,,CC(C)OC(=O)C1(C#N)C2CCC3C(=CCC4C(C)(C)CCC(=O)C34C=O)C21
O=C1C=CC(=O)N1C1=CC=CC=C1.C=CC1=CN(C(C)(C)C)CCC1,,CC(C)(C)N1CCCC2=CCC3C(=O)N(C4=CC=CC=C4)C(=O)C3C21
ClC1=C(Cl)C(Cl)C(Cl)=C1Cl.O=C1C=CC(=O)C=C1,,O=C1C=CC(=O)C2C1C1(Cl)C(Cl)=C(Cl)C2(Cl)C1Cl
C=CC(=C)C.C=C1C(=O)CCC(OC(C)=O)C1(C)C,,CC(=O)OC1CCC(=O)C2(CC=C(C)CC2)C1(C)C
C=CC(=C)OC.C=CC(=O)N1N=C(C)C=C1C,,COC1=CCC(C(=O)N2N=C(C)C=C2C)CC1
C=C(C)C(=C)C.C#CCN(CCC#CC)S(=O)(=O)C1=CC=C(C)C=C1,,CC#CCCN(CC1=CCC(C)=C(C)C1)S(=O)(=O)C1=CC=C(C)C=C1
CC(C=CCO[Si](C1=CC=CC=C1)(C1=CC=CC=C1)C(C)(C)C)=CC(C)C.CCOC(=O)C=CC=O,,CCOC(=O)C1C(C=O)C(CO[Si](C2=CC=CC=C2)(C2=CC=CC=C2)C(C)(C)C)C=C(C)C1C(C)C
CC=CC(=O)N1CC2C3C4=CC=CC=C4C(C(C)OC)(C4=CC=CC=C43)C2C1=O.C1=CCCC=C1,,COC(C)C12C3=CC=CC=C3C(C3=CC=CC=C31)C1CN(C(=O)C3C4C=CC(CC4)C3C)C(=O)C12
C=CC1=CC2=CC=C(O[Si](CCC(F)(F)C(F)(F)C(F)(F)C(F)(F)C(F)(F)C(F)(F)C(F)(F)C(F)(F)F)(C(C)C)C(C)C)C=C2OC1(C)C.CC1=CC=C(N2C(=O)C=CC2=O)C=C1Cl,,CC1=CC=C(N2C(=O)C3CC=C4C(C5=CC=C(O[Si](CCC(F)(F)C(F)(F)C(F)(F)C(F)(F)C(F)(F)C(F)(F)C(F)(F)C(F)(F)F)(C(C)C)C(C)C)C=C5OC4(C)C)C3C2=O)C=C1Cl
C1=C(C2=CC=CC=C2)C=C(C2CCCCC2)OCC1.N#CC(C#N)=C(C#N)C#N,,N#CC1(C#N)C2CCOC(C3CCCCC3)(C=C2C2=CC=CC=C2)C1(C#N)C#N
C1=CCC=C1.C=CC=O,,O=CC1CC2C=CC1C2
CCOC(=O)C=CS(=O)(=O)Cl.C1=CCC=C1,,CCOC(=O)C1C2C=CC(C2)C1S(=O)(=O)Cl
C1=CCC(C2=CC=CC=C2)C=C1.O=C1C=CC(=O)O1,,O=C1OC(=O)C2C3C=CC(CC3C3=CC=CC=C3)C12
C=COC(C)=O.C1=CC2(C=C1)CC2,,CC(=O)OC1CC2C=CC1C21CC1
C=CC=C.O=C(C=CC(=O)C1=CC=C(N2C=CN=C2)C=C1)C1=CC=C(N2C=CN=C2)C=C1,,O=C(C1=CC=C(N2C=CN=C2)C=C1)C1CC=CCC1C(=O)C1=CC=C(N2C=CN=C2)C=C1
C=CC(=O)OC.C=C(C)C=CC(CCOC(=O)C(OC)C1=CC=CC=C1)C(C)C,,COC(=O)C1CCC(C)=CC1C(CCOC(=O)C(OC)C1=CC=CC=C1)C(C)C
COC1(C)CC(C2=CC=CC=C2)C=C(C=CC2=CC=CC=C2)O1.O=C1C=CC(=O)N1C1=CC=CC=C1,,COC1(C)CC(C2=CC=CC=C2)C2C(=CC(C3=CC=CC=C3)C3C(=O)N(C4=CC=CC=C4)C(=O)C32)O1
C1=CCC=C1.O=P(C=CC1=CC=CC=C1)(C1=CC=CC=C1)C1=CC=CC=C1,,O=P(C1=CC=CC=C1)(C1=CC=CC=C1)C1C2C=CC(C2)C1C1=CC=CC=C1
C=C(C)C(=C)C.CC=COC1=CC=C(C)C=C1,,CC1=C(C)CC(OC2=CC=C(C)C=C2)C(C)C1
CN1C(=O)C=CC1=O.O=[N+]([O-])C1=CC=CC=C1C=CC=CC1=CC=CC=C1[N+](=O)[O-],,CN1C(=O)C2C(C3=CC=CC=C3[N+](=O)[O-])C=CC(C3=CC=CC=C3[N+](=O)[O-])C2C1=O
COC(=O)C(Cl)=C1CC1.CC=CC=CO[Si](C)(C)C,,COC(=O)C1(Cl)C(O[Si](C)(C)C)C=CC(C)C12CC2
C1=CCC=C1.O=C(C=CS(=O)(=O)C1=CC=CC=C1)C1=CC=CC=C1,,O=C(C1=CC=CC=C1)C1C2C=CC(C2)C1S(=O)(=O)C1=CC=CC=C1
O=C1C=CC(=O)O1.CC1=C(C)C(C)=C(C)C1,,CC1=C(C)C2(C)CC1(C)C1C(=O)OC(=O)C12
C1=CCC=C1.O=C1C=CCC1,,O=C1CCC2C3C=CC(C3)C12
O=C1C=CC(=O)N1.CC1(C)OB(C(C2=CCCCC2)=C2CCC[Si]2(C2=CC=CC=C2)C2=CC=CC=C2)OC1(C)C,,CC1(C)OB(C2=C3CCCCC3C3C(=O)NC(=O)C3C23CCC[Si]3(C2=CC=CC=C2)C2=CC=CC=C2)OC1(C)C
COC1=CC(C=C[N+](=O)[O-])=CC(OC)=C1OC.C=C(C=COC)O[Si](C)(C)C,,COC1=CC(C2CC(O[Si](C)(C)C)=CC(OC)C2[N+](=O)[O-])=CC(OC)=C1OC
C1=CCCC=C1.O=C1C=CC(=O)C2=CC=CC=C12,,O=C1C2=CC=CC=C2C(=O)C2C3C=CC(CC3)C12
O=C1C=CC(=O)N1C1=CC=CC=C1.O=C1C2C=CC=C(Br)C2C(=O)N1C1=CC=CC=C1,,O=C1C2C3C=CC(Br)(C2C(=O)N1C1=CC=CC=C1)C1C(=O)N(C2=CC=CC=C2)C(=O)C31
C=CC1=CCC2C(=O)C3=C(O)C=CC=C3C(=O)C2(C)C1C1=CC=CC=C1.O=C1C=CC(=O)N1C1=CC=C(Br)C=C1,,CC12C(=O)C3=CC=CC(O)=C3C(=O)C1CC1C(=CCC3C(=O)N(C4=CC=C(Br)C=C4)C(=O)C31)C2C1=CC=CC=C1
O=S(=O)(C=CS(=O)(=O)C1=CC=CC=C1)C1=CC=CC=C1.C=CC1=CN(C(=O)OC2=CC=CC=C2)C(C2=CC=CC=C2)CC1=O,,O=C1CC(C2=CC=CC=C2)N(C(=O)OC2=CC=CC=C2)C2C1=CCC(S(=O)(=O)C1=CC=CC=C1)C2S(=O)(=O)C1=CC=CC=C1
C=C(C)C(=C)C.O=C(C(F)=C(F)C(F)(F)C(F)(F)F)C1=CC=CC=C1,,CC1=C(C)CC(F)(C(F)(F)C(F)(F)F)C(F)(C(=O)C2=CC=CC=C2)C1
C=C(C)C(=C)C.C1=CC12OCCCO2,,CC1=C(C)CC2C(C1)C21OCCCO1
O=C1C=CC(=O)O1.CC(C)(C)[Si](C)(C)OC1CC=C(C2=CCCC2=O)C1,,CC(C)(C)[Si](C)(C)OC1CC2=C3C(=O)CCC3C3C(=O)OC(=O)C3C2C1
C=CBr.ClC1=C(Cl)C(Cl)=C(Cl)C1,,ClC1=C(Cl)C2(Cl)CC1(Cl)CC2Br
C=C(C=O)CC.C=CC=CN(CC1=CC=CC=C1)C(=O)OC,,CCC1(C=O)CCC=CC1N(CC1=CC=CC=C1)C(=O)OC
C=C1C=CCNC(=O)C(C)NC(=O)C(CC(C)C)NC(=O)C(CC2=CC=CC=C2)NC(=O)CCCC1.O=C1C=CC(=O)N1C1=CC=CC=C1,,CC(C)CC1NC(=O)C(CC2=CC=CC=C2)NC(=O)CCCCC2=CC(CNC(=O)C(C)NC1=O)C1C(=O)N(C3=CC=CC=C3)C(=O)C1C2
C1=CCC=C1.C#CCOC(=O)C#CC(=O)OCC#C,,C#CCOC(=O)C1=C(C(=O)OCC#C)C2C=CC1C2
C1=C(C2=CCCCC2)CCC1.C=C(OC(C)=O)C(=O)OCC,,CCOC(=O)C1(OC(C)=O)CC2CCCC2=C2CCCCC21
C=C1OC2=CC=CC=C2OC1=C.O=C1C=CC(=O)C=C1,,O=C1C=CC(=O)C2CC3=C(CC12)OC1=CC=CC=C1O3
C=C(C)C(=C)C.C=C(CC1(C2=CC=CC=C2)SCCCS1)[N+](=O)[O-],,CC1=C(C)CC(CC2(C3=CC=CC=C3)SCCCS2)([N+](=O)[O-])CC1
COC(=O)C(C#N)=C(C#N)C(=O)OC.C=CC=C(OC)OC,,COC(=O)C1(C#N)CC=CC(OC)(OC)C1(C#N)C(=O)OC
C=C1C2=CC3=C(C)C(=O)OC34OC4C2(C)C2CC12.CC1=C2CC3C(O[Si](C)(C)C(C)(C)C)C4CC4C3(C)C=C2OC1=O,,CC1=C2C3C4=C(CC5C36OC(=O)C(C)=C6CC3C(O[Si](C)(C)C(C)(C)C)C6CC6C35C)C3CC3C4(C)C3OC23OC1=O
C1=CCC=C1.CCOC(=O)C(=CC(CC(C)C)N(CC1=CC=CC=C1)CC1=CC=CC=C1)NC=O,,CCOC(=O)C1(NC=O)C2C=CC(C2)C1C(CC(C)C)N(CC1=CC=CC=C1)CC1=CC=CC=C1
C1=CCC=C1.ClCC=CCCl,,ClCC1C2C=CC(C2)C1CCl
C=C(C)C(=C)C.CC=COC1=CC=CC(C)=C1,,CC1=C(C)CC(OC2=CC=CC(C)=C2)C(C)C1
COC(=O)C=CCCC1=CC=CC=C1.C=CC(=C)C,,COC(=O)C1CC=C(C)CC1CCC1=CC=CC=C1
C=CC(=C)CC(C)(C)O.C=CC=O,,CC(C)(O)CC1=CCC(C=O)CC1
C=CC1=CCC2(C)C(=O)C3=CC=CC=C3C(=O)C2C1C1=CC=C(C(F)(F)F)C=C1.O=C1C=CC(=O)N1,,CC12CC3C(=CCC4C(=O)NC(=O)C43)C(C3=CC=C(C(F)(F)F)C=C3)C1C(=O)C1=CC=CC=C1C2=O
ClC1=C(Cl)C(Cl)(Cl)C(Cl)=C1Cl.FC=CF,,FC1C(F)C2(Cl)C(Cl)=C(Cl)C1(Cl)C2(Cl)Cl
CC(=O)C1C(=O)C=C(Cl)C1=O.C=C(C)C(=C)C,,CC(=O)C1C(=O)C2CC(C)=C(C)CC2(Cl)C1=O
C1=C(N2CCOCC2)CCCC1.C=C(C(=C)S(=O)(=O)C1=CC=CC=C1)S(=O)(=O)C1=CC=CC=C1,,O=S(=O)(C1=C(S(=O)(=O)C2=CC=CC=C2)CC2(N3CCOCC3)CCCCC2C1)C1=CC=CC=C1
C=CC(=C)C=C.CC(C)(C)N1C(=O)C=CC1=O,,C=CC1=CCC2C(=O)N(C(C)(C)C)C(=O)C2C1
CN1C(=O)C=CC1=O.C=CC1=CCC2C(=O)C3=C(O)C=CC=C3C(=O)C2(C)C1C1=CC=CC=C1,,CN1C(=O)C2CC=C3C(CC4C(=O)C5=C(O)C=CC=C5C(=O)C4(C)C3C3=CC=CC=C3)C2C1=O
C#C[Si](C)(C)C.C=CC=CC=CC1CC=CCC1,,C[Si](C)(C)C1=CC(C=CC2CC=CCC2)C=CC1
O=C1C=CC(=O)N1C1=CC=CC=C1.C=CC=C1CN(S(=O)(=O)C2=CC=C(C)C=C2)CC1C,,CC1=CC=C(S(=O)(=O)N2CC(C)C3(C=CCC4C(=O)N(C5=CC=CC=C5)C(=O)C43)C2)C=C1
CCC1=C(C)C(=O)OC1=O.C=C(C)C(=C)C,,CCC12CC(C)=C(C)CC1(C)C(=O)OC2=O
C=C(C#C[Si](C)(C)C)C(=O)OC.C=CC=CCCC=CC(=C)O[Si](C)(C)C,,C=CC=CCCC1C=C(O[Si](C)(C)C)CCC1(C#C[Si](C)(C)C)C(=O)OC
C=C1C(=C)C2C3=CC=CC=C3C1C1=CC=CC=C12.O=C1C=CC2(C=C1)CCCO2,,O=C1C=CC2(CCCO2)C2CC3=C(CC12)C1C2=CC=CC=C2C3C2=CC=CC=C21
CC#CC1(C)C(O)C(C)CC(C)C1C(=O)C=CC(=O)OC.CC1=C(C)C(C)C(C)=C1C,,CC#CC1(C)C(O)C(C)CC(C)C1C(=O)C1C(C(=O)OC)C2(C)C(C)=C(C)C1(C)C2C
C=CC(=C)O[Si](C)(C)C.O=C1C2=CC=CC=C2C(=O)C2(SC3=CC=CC=C3)C(=O)C=CCC12,,C[Si](C)(C)OC1=CCC2C(=O)C3(SC4=CC=CC=C4)C(=O)C4=CC=CC=C4C(=O)C3CC2C1
CC(C=O)=CCCl.C1=CCC=C1,,CC1(C=O)C2C=CC(C2)C1CCl
C1=C2C(=CC1)C1CCC2C1.O=C1C=CC(=O)C1,,O=C1CC(=O)C2C3CC(C4=C3C3CCC4C3)C12
C=CC(=O)OCC.CC(=O)OC1CCC2(C)C(CCC3C2CCC2(C)C(C4=CC(=O)OC4)=CCC32O)C1,,CCOC(=O)C1CC2CC3(O)C4CCC5CC(OC(C)=O)CCC5(C)C4CCC3(C)C2=C2COC(=O)C21
C=CC#N.C=CC(=CSCC)OP(=O)(OCC)OCC,,CCOP(=O)(OCC)OC1=CCCC(C#N)C1SCC
C=C(C=CSCO[Si](C)(C)C(C)(C)C)C1=CC=CC=C1.O=C1C=CC(=O)N1C1=CC=CC=C1,,CC(C)(C)[Si](C)(C)OCSC1C=C(C2=CC=CC=C2)CC2C(=O)N(C3=CC=CC=C3)C(=O)C12
C1=CC2C3CCC(C3)C2C1.ClC1=C(Cl)C(Cl)(Cl)C(Cl)=C1Cl,,ClC1=C(Cl)C2(Cl)C3C4C5CCC(C5)C4CC3C1(Cl)C2(Cl)Cl
C=CC(=C)C.O=C1C=C(C(=O)OCC2=CC=CC=C2)C1,,CC1=CCC2C(=O)CC2(C(=O)OCC2=CC=CC=C2)C1
C=C1CC(C2=CC=CC=C2)N(CC2=CC=CC=C2)CC1=C.COC(=O)C#CC(=O)OC,,COC(=O)C1=C(C(=O)OC)CC2=C(C1)CC(C1=CC=CC=C1)N(CC1=CC=CC=C1)C2
CCOC(=O)C1=C2C3=C(C=C4OCOC4=C3)CCN2C(=O)C1=O.C=C(C=COC)O[Si](C)(C)C,,CCOC(=O)C12C(=O)C(=O)N3CCC4=CC5=C(C=C4C31CC(O[Si](C)(C)C)=CC2OC)OCO5
C=C(OC)C(=C)OC.O=S(=O)(C=CC(F)(F)F)N1C(CC2=CC=CC=C2)COC12CCCCC2,,COC1=C(OC)CC(S(=O)(=O)N2C(CC3=CC=CC=C3)COC23CCCCC3)C(C(F)(F)F)C1
CC(=O)OC=CC(=O)C(C)C.C1=CCC=C1,,CC(=O)OC1C2C=CC(C2)C1C(=O)C(C)C
COC(=O)C=CC(=O)OC.CC=CC(=C=C(C)C)COC(C1=CC=CC=C1)(C1=CC=CC=C1)C1=CC=CC=C1,,COC(=O)C1C(=C(C)C)C(COC(C2=CC=CC=C2)(C2=CC=CC=C2)C2=CC=CC=C2)=CC(C)C1C(=O)OC
C=CCSC(=S)OC.ClC1=C(Cl)C(Cl)(Cl)C(Cl)=C1Cl,,COC(=S)SCC1CC2(Cl)C(Cl)=C(Cl)C1(Cl)C2(Cl)Cl
OC1(C2C=CC=C2)C(C2=CC=CC=C2)=C(C2=CC=CC=C2)C(C2=CC=CC=C2)=C1C1=CC=CC=C1.O=C1C=CC(=O)O1,,O=C1OC(=O)C2C3C=CC(C12)C3C1(O)C(C2=CC=CC=C2)=C(C2=CC=CC=C2)C(C2=CC=CC=C2)=C1C1=CC=CC=C1
CC(=O)OC1=C(Cl)C(=O)C2=C(C1=O)C(O)=CC=C2.C=C(C=COC)O[Si](C)(C)C,,COC1C=C(O[Si](C)(C)C)CC2(OC(C)=O)C(=O)C3=C(O)C=CC=C3C(=O)C12Cl
C=C(C)C(=C)C.O=C1C(=CC2=CC=CC=C2)CC2=CC=CC=C12,,CC1=C(C)CC2(CC3=CC=CC=C3C2=O)C(C2=CC=CC=C2)C1
O=C1C=CC(=O)C2=C1C=CC=C2O.C=CC=CO[Si](C)(C)C,,C[Si](C)(C)OC1C=CCC2C(=O)C3=CC=CC(O)=C3C(=O)C12
C=CC1=CCN(CC)S(=O)(=O)C2=CC=C(C)C=C12.O=C1C=CC(=O)O1,,CCN1CC2C(=CCC3C(=O)OC(=O)C32)C2=CC(C)=CC=C2S1(=O)=O
C=CC(=C)S(=O)(=O)C1=CC=CC=C1.COCC1CCCN1C=C(C)C1=CC=CC=C1,,COCC1CCCN1C1CC=C(S(=O)(=O)C2=CC=CC=C2)CC1(C)C1=CC=CC=C1
C1=CCCC=C1.O=S1(=O)C=CCO1,,O=S1(=O)OCC2C3C=CC(CC3)C21
C=CC1=CC(NC(=O)C(Cl)(Cl)Cl)CC1.O=C1C=CC(=O)C2=CC=CC=C12,,O=C1C2=CC=CC=C2C(=O)C2C1CC=C1CCC(NC(=O)C(Cl)(Cl)Cl)C12
O=C1C=CC(=O)N1C1=CC=CC=C1.CC=CC(=CC1=CC=C(C)C=C1)C1=NC=CN1C,,CC1=CC=C(C2C(C3=NC=CN3C)=CC(C)C3C(=O)N(C4=CC=CC=C4)C(=O)C23)C=C1
C=CC[Si]12OCCN(CCO1)CCO2.ClC1=C(Cl)C(Cl)(Cl)C(Cl)=C1Cl,,ClC1=C(Cl)C2(Cl)C(C[Si]34OCCN(CCO3)CCO4)CC1(Cl)C2(Cl)Cl
N#CC(C#N)=C(C#N)C#N.C=C1CC(C(=O)OCC)C1=CC,,CCOC(=O)C1CC2=C1C(C)C(C#N)(C#N)C(C#N)(C#N)C2
CC(=O)OCC=C(COC(C)=O)C(C=CCCC1=CC=CC=C1)=C(C)C.N#CC(C#N)=C(C#N)C#N,,CC(=O)OCC=C(COC(C)=O)C1=CC(CCC2=CC=CC=C2)C(C#N)(C#N)C(C#N)(C#N)C1(C)C
C=CC1=CCC2C(=O)C3=C(C=CC(Br)=C3O)C(=O)C2(C)C1C1=CC=C(C)C=C1.CC(=O)C1=CC=C(N2C(=O)C=CC2=O)C=C1,,CC(=O)C1=CC=C(N2C(=O)C3CC=C4C(CC5C(=O)C6=C(C=CC(Br)=C6O)C(=O)C5(C)C4C4=CC=C(C)C=C4)C3C2=O)C=C1
C=C(C)C(=C)C.COC1=CC=C(N2C(=O)C=CC2=O)C=C1,,COC1=CC=C(N2C(=O)C3CC(C)=C(C)CC3C2=O)C=C1
C=CC=COC(C)=O.COC1=C(OC)C(=O)C=CC1=O,,COC1=C(OC)C(=O)C2C(OC(C)=O)C=CCC2C1=O
C1=CCC=C1.C=C1CC(=O)OC1=O,,O=C1CC2(CC3C=CC2C3)C(=O)O1
C1=CCC=C1.C=CC(=O)COC(C)=O,,CC(=O)OCC(=O)C1CC2C=CC1C2
C=C(CCC)C1=CCN2C(C)=C(C(=O)OCC)CCC2OC1.CN1C(=O)C=CC1=O,,CCCC1=C2COC3CCC(C(=O)OCC)=C(C)N3CC2C2C(=O)N(C)C(=O)C2C1
COC(=O)C=CC(=O)OC.C=CC(=C)C,,COC(=O)C1CC=C(C)CC1C(=O)OC
C=CC(=O)OC.C=C(C[Si](C)(C)C)C(=C)C[Si](C)(C)C,,COC(=O)C1CCC(C[Si](C)(C)C)=C(C[Si](C)(C)C)C1
C=CC=C(OC)OC.N#CC(C#N)=CC1=CC=CC=C1,,COC1(OC)C=CCC(C2=CC=CC=C2)C1(C#N)C#N
CN1C(=O)C=CC1=O.C=CC=CC1CCCCN1S(=O)(=O)C1=CC=C(C)C=C1,,CC1=CC=C(S(=O)(=O)N2CCCCC2C2C=CCC3C(=O)N(C)C(=O)C32)C=C1
C=CC(=O)OCC.C=C(C1=CCN(S(=O)(=O)C2=CC=C(C)C=C2)C1)C1=CC=CC=C1,,CCOC(=O)C1CCC(C2=CC=CC=C2)=C2CN(S(=O)(=O)C3=CC=C(C)C=C3)CC21
CSC(=O)C=CC1=CC=C([N+](=O)[O-])C=C1.C1=CCC=C1,,CSC(=O)C1C2C=CC(C2)C1C1=CC=C([N+](=O)[O-])C=C1
BrC1=CC=C(C=CC=CC2=CC=C(Br)C=C2)C=C1.COC(=O)C#CC(=O)OC,,COC(=O)C1=C(C(=O)OC)C(C2=CC=C(Br)C=C2)C=CC1C1=CC=C(Br)C=C1
O=C1C=CC(=O)C=C1.CC1(C)OC2CC3(C=CC=C3)CC2O1,,CC1(C)OC2CC3(CC2O1)C1C=CC3C2C(=O)C=CC(=O)C21
C=CCN1C(C(=C)C)=CC2=NC=NC(NC)=C2C1C1=CC=CC=C1.O=C1C=CC(=O)N1C1=CC=CC=C1,,C=CCN1C2=C(C)CC3C(=O)N(C4=CC=CC=C4)C(=O)C3C2C2=NC=NC(NC)=C2C1C1=CC=CC=C1
O=C1C=CC(=O)O1.C=CC1=CCOC1C(C)OCC1=CC=CC=C1,,CC(OCC1=CC=CC=C1)C1OCC2C1=CCC1C(=O)OC(=O)C12
C=CC1=CC(O)CC(C=CCCCOCC2=CC=C(OC)C=C2)O1.O=C1C=CC(=O)N1CC1=CC=CC=C1,,COC1=CC=C(COCCCC=CC2CC(O)C3C(=CCC4C(=O)N(CC5=CC=CC=C5)C(=O)C43)O2)C=C1
ClC1=C(Cl)C(Cl)(Cl)C(Cl)=C1Cl.C=CCOC(=O)CCl,,O=C(CCl)OCC1CC2(Cl)C(Cl)=C(Cl)C1(Cl)C2(Cl)Cl
C=CC(=O)O.COC1(OC)C(Cl)=C(Cl)C(Cl)=C1Cl,,COC1(OC)C2(Cl)CC(C(=O)O)C1(Cl)C(Cl)=C2Cl
COC(=O)C=CC(=O)OC.C=CC(=C)C(C)(O)C1=CC=C(OC)C=C1,,COC(=O)C1CC=C(C(C)(O)C2=CC=C(OC)C=C2)CC1C(=O)OC
CC1=C(C2=CC=CC=C2)C(C2=CC=CC=C2)=C(C)C1=O.C1=CC(=CC2=CC=CC=C2)C=C1,,CC12C(=O)C(C)(C(C3=CC=CC=C3)=C1C1=CC=CC=C1)C1C(=CC3=CC=CC=C3)C=CC12
COC(=O)C=CC(OC(C)=O)C(OC(C)=O)C(COC(C)=O)OC(C)=O.C1=CCC=C1,,COC(=O)C1C2C=CC(C2)C1C(OC(C)=O)C(OC(C)=O)C(COC(C)=O)OC(C)=O
C=CC(=O)N1CCOC1=O.CC(C)[Si](OC1=CCSC=C1)(C(C)C)C(C)C,,CC(C)[Si](OC1=CC2SCC1CC2C(=O)N1CCOC1=O)(C(C)C)C(C)C
O=C1C=CCCC1.C=CC(=C)CCC=C(C)C,,CC(C)=CCCC1=CCC2C(=O)CCCC2C1
CC(=O)C=CCl.C1=CCC=C1,,CC(=O)C1C2C=CC(C2)C1Cl
COC1=C(OC)C(OC)=CC(C#CCN2C(=O)C3=CC=CC=C3C2=O)=C1.C=C(C)C(=C)C,,COC1=C(OC)C(OC)=CC(C2=C(CN3C(=O)C4=CC=CC=C4C3=O)CC(C)=C(C)C2)=C1
O=C1C=CC(=O)N1C1=CC=CC=C1.C=C(C(=C)[Si](C)(C)C)[Si](C)(C)C,,C[Si](C)(C)C1=C([Si](C)(C)C)CC2C(=O)N(C3=CC=CC=C3)C(=O)C2C1
CC1=CC(=O)C(Cl)=C(Cl)C1=O.C1=CCC=C1,,CC12C(=O)C(Cl)=C(Cl)C(=O)C1C1C=CC2C1
C=CC(C)=CCC1C(=C)CCC2C(C)(C(=O)OC)CCCC12C.O=C1C=CC(=O)C=C1,,C=C1CCC2C(C)(C(=O)OC)CCCC2(C)C1CC1C(C)=CCC2C(=O)C=CC(=O)C21
C=CC=CC(C)(C)O.C1=CCC=C1,,CC(C)(O)C=CC1CC2C=CC1C2
C1=CC=CC(=C(C2=CC=CC=C2)C2=CC=CC=C2)C=C1.N#CC(C#N)=C(C#N)C#N,,N#CC1(C#N)C2C=CC(=C(C3=CC=CC=C3)C3=CC=CC=C3)C(C=C2)C1(C#N)C#N
C=C(Cl)C#N.CC(=O)OC1=CC(C)(C)CC=C1,,CC(=O)OC1=CC2CC(C)(C)C1CC2(Cl)C#N
C=CC(=O)OC.N#CC1(C#N)C=CC=C1,,COC(=O)C1CC2C=CC1C2(C#N)C#N
O=C1C=CC(=O)O1.CC=CC1=CCCCC1,,CC1C=C2CCCCC2C2C(=O)OC(=O)C12
C=CSC(C)(C)C.ClC1=C(Cl)C(Cl)(Cl)C(Cl)=C1Cl,,CC(C)(C)SC1CC2(Cl)C(Cl)=C(Cl)C1(Cl)C2(Cl)Cl
C=CC1=CC2=CC=C(OC)C(O[Si](CCC(F)(F)C(F)(F)C(F)(F)C(F)(F)C(F)(F)C(F)(F)C(F)(F)C(F)(F)F)(C(C)C)C(C)C)=C2OC1(C)C.COC1=CC=C(N2C(=O)C=CC2=O)C=C1,,COC1=CC=C(N2C(=O)C3CC=C4C(C5=CC=C(OC)C(O[Si](CCC(F)(F)C(F)(F)C(F)(F)C(F)(F)C(F)(F)C(F)(F)C(F)(F)C(F)(F)F)(C(C)C)C(C)C)=C5OC4(C)C)C3C2=O)C=C1
COC=CC=C(OC)OC.CCOC(=O)C(C#N)=CC1=CC=CC=C1,,CCOC(=O)C1(C#N)C(C2=CC=CC=C2)C(OC)C=CC1(OC)OC
CC(C)CC1=C(Br)C1.C1=CCC=C1,,CC(C)CC12CC1(Br)C1C=CC2C1
COC(=O)C1=CC(=O)OC2(CC(C)CCC2C(C)C)O1.C1=CCC=C1,,COC(=O)C12OC3(CC(C)CCC3C(C)C)OC(=O)C1C1C=CC2C1
C[Si](C)(C)OCC=CC=CCO[Si](C)(C)C.C=C(O[Si](C)(C)C)C(=O)OC,,COC(=O)C1(O[Si](C)(C)C)CC(CO[Si](C)(C)C)C=CC1CO[Si](C)(C)C
C1=CCC=C1.CC(=O)C1=CC(=O)C2=C(C=CC=C2)C1=O,,CC(=O)C12C(=O)C3=CC=CC=C3C(=O)C1C1C=CC2C1
C=CC(=C)C1=CC=C(C)C=C1.C=CC=O,,CC1=CC=C(C2=CCC(C=O)CC2)C=C1
COC1=CC=C2C3CC4=CC=C(OC)C5=C4C2(CCN3C)C1O5.CN(C)CCN1C(=O)C=CC1=O,,COC1=CC=C2CC3N(C)CCC45C2=C1OC4C1(OC)C=CC35C2C(=O)N(CCN(C)C)C(=O)C21
C=CC1=CCC(C)CC1.O=C1C=CC(=O)O1,,CC1CCC2=CCC3C(=O)OC(=O)C3C2C1
C1=C(C2=CCCCC2)CCCC1.C=C(C(=O)OCC)C(=O)OCC,,CCOC(=O)C1(C(=O)OCC)CC2CCCCC2=C2CCCCC21
C=CC(C=C)=CC1=CC=C(C)O1.C=CC=O,,C=CC1=CCCC(C=O)C1C1=CC=C(C)O1
O=C1C=CC(=O)N1CC1=CC=CC=C1.C=CC1=CCC2C(=O)C3=C(O)C=CC=C3C(=O)C2(C)C1C1=CC=C(C(C)C)C=C1,,CC(C)C1=CC=C(C2C3=CCC4C(=O)N(CC5=CC=CC=C5)C(=O)C4C3CC3C(=O)C4=C(O)C=CC=C4C(=O)C32C)C=C1
CC1=CC(=O)C(C)=CC1=O.C=C(C)C(C)=CC1=CC=CC=C1,,CC1=CC(=O)C2(C)C(CC(C)=C(C)C2C2=CC=CC=C2)C1=O
N#CC=CC#N.CC=C(C)C=CC=C(C)C,,CC(C)=CC1C=C(C)C(C)C(C#N)C1C#N
C=CCCCC.C1=CCC=C1,,CCCCC1CC2C=CC1C2
C=CC(C)=CCOC(C)=O.COC(=O)C1=CC(=O)C(OC)=CC1=O,,COC(=O)C12C(=O)C=C(OC)C(=O)C1CC=C(C)C2COC(C)=O
C=C=CC=C.ClC1=C(Cl)C(Cl)=C(Cl)C1,,C=C=CC1CC2(Cl)CC1(Cl)C(Cl)=C2Cl
C=C1C(=C)C2CCC1C1OC21.N#CC(C#N)=C(C#N)C#N,,N#CC1(C#N)CC2=C(CC1(C#N)C#N)C1CCC2C2OC12
C=CSC1=CC=CC=C1.C=C1C(=C)S(=O)(=O)CCS1(=O)=O,,O=S1(=O)CCS(=O)(=O)C2=C1CCC(SC1=CC=CC=C1)C2
O=C1C=CC(=O)N1C1=CC=CC=C1.C=CC(=C)[Si](OCC)(OCC)OCC,,CCO[Si](OCC)(OCC)C1=CCC2C(=O)N(C3=CC=CC=C3)C(=O)C2C1
COC(=O)C=CC(=O)OC.C=CC(=C)C(O)C=CC1=CC=CC=C1,,COC(=O)C1CC=C(C(O)C=CC2=CC=CC=C2)CC1C(=O)OC
O=C1C(C2=CC=CC=C2)=C(C2=CC=CC=C2)C(C2=CC=CC=C2)=C1C1=CC=CC=C1.CC(C)(C)C1=CC=C(O)C2=C1C1C=CC2O1,,CC(C)(C)C1=CC=C(O)C2=C1C1OC2C2C1C1(C3=CC=CC=C3)C(=O)C2(C2=CC=CC=C2)C(C2=CC=CC=C2)=C1C1=CC=CC=C1
C=CC=CC1=CC=CC=C1.C=CC#N,,N#CC1CCC=CC1C1=CC=CC=C1
C=C(C#CC1=CC(C(C)(C)C)=CC(C(C)(C)C)=C1)C(=C)C#CC1=CC(C(C)(C)C)=CC(C(C)(C)C)=C1.N#CC#CC#N,,CC(C)(C)C1=CC(C(C)(C)C)=CC(C#CC2=C(C#CC3=CC(C(C)(C)C)=CC(C(C)(C)C)=C3)CC(C#N)=C(C#N)C2)=C1
C1=CCCC=C1.O=C1C(F)=C(F)C(=O)C(F)=C1F,,O=C1C(F)=C(F)C(=O)C2(F)C3C=CC(CC3)C12F
CCN1C(=O)C=CC1=O.CCC1C(C)=C(C)C(C)=C1C,,CCC1C2(C)C(C)=C(C)C1(C)C1C(=O)N(CC)C(=O)C12
C=C[N+](=O)[O-].O=C1C(C2=CC=CC=C2)=C(C2=CC=CC=C2)C(C2=CC=CC=C2)=C1C1=CC=CC=C1,,O=C1C2(C3=CC=CC=C3)CC([N+](=O)[O-])C1(C1=CC=CC=C1)C(C1=CC=CC=C1)=C2C1=CC=CC=C1
C=CC1=C(C)C2=CC3=C(C=O)C(C)=C(C=C4N=C(C5=C6NC(=CC1=N2)C(C)=C6C(=O)C5)C(CCC(=O)OC)C4C)N3.N#CC(C#N)=C(C#N)C#N,,COC(=O)CCC1C2=NC(=CC3=C(C)C(C=O)=C(C=C4N=C(C=C5NC6=C2CC(=O)C6=C5C)C2=CCC(C#N)(C#N)C(C#N)(C#N)C24C)N3)C1C
O=C1C=CC(=O)N1C1=CC=CC=C1.C=CC1=CCN2C(=O)C3=CC=CC=C3C2(C(=O)OCC)C1,,CCOC(=O)C12CC3=CCC4C(=O)N(C5=CC=CC=C5)C(=O)C4C3CN1C(=O)C1=CC=CC=C12
C1=CC2=CC=C3CCC4=C3C2=C(C=C1)C=C4.O=C1C=CC(=O)O1,,O=C1OC(=O)C2C3C=CC(C4=C5C3=CC=C3CCC(=C35)C=C4)C12
CC1=CC=C(C2=C(C3=CC=CC=C3)C(C3=CC=CC=C3)=C(C3=CC=C(C)C=C3)C2=O)C=C1.C1=CC2=C3C1=CC=CC3=CC=C2,,CC1=CC=C(C23C(=O)C(C4=CC=C(C)C=C4)(C(C4=CC=CC=C4)=C2C2=CC=CC=C2)C2C4=CC=CC5=CC=CC(=C45)C23)C=C1
N#CC(C#N)=C(C#N)C#N.CN(C)C=C1C(=CN(C)C)C2CCC1C2,,CN(C)C1C2=C(C3CCC2C3)C(N(C)C)C(C#N)(C#N)C1(C#N)C#N
C1=CCC=C1.CC1=CC(=O)C(Cl)=C(Cl)C1=O,,CC12C(=O)C(Cl)=C(Cl)C(=O)C1C1C=CC2C1
C=CC(C)=CC1=CC=CC=C1.O=C1C=CC(=O)O1,,CC1=CCC2C(=O)OC(=O)C2C1C1=CC=CC=C1
C=CC(=C)CC(NC(C)=O)C(=O)NC(CC1=CC=CC=C1)C(=O)OC.COC(=O)C#CC(=O)OC,,COC(=O)C1=C(C(=O)OC)CC(CC(NC(C)=O)C(=O)NC(CC2=CC=CC=C2)C(=O)OC)=CC1
CCOC(=O)CN1C=CC=CC1=C(C#N)C(=O)OC.O=C1C=CC(=O)N1C1=CC=CC=C1,,CCOC(=O)CN1C(=C(C#N)C(=O)OC)C2C=CC1C1C(=O)N(C3=CC=CC=C3)C(=O)C21
O=C1C=CC(=O)C2=C1N=CC=C2Cl.C=CC=CO[Si](C)(C)C,,C[Si](C)(C)OC1C=CCC2C(=O)C3=C(Cl)C=CN=C3C(=O)C12
C=CC(C=C)=CC1=CC=C(Cl)C=C1.CC1=CC(=O)C2=C(C=CC=C2O)C1=O,,C=CC1=CCC2C(=O)C3=C(O)C=CC=C3C(=O)C2(C)C1C1=CC=C(Cl)C=C1
C=C(C)C1=CCCC1.O=C1C=CC(=O)C2=C1C=CC=C2,,CC1=C2CCCC2C2C(=O)C3=CC=CC=C3C(=O)C2C1
N#CC(C#N)=C(C#N)C#N.CC=CC1=CSC(=C2SC=CS2)S1,,CC1C=C2SC(=C3SC=CS3)SC2C(C#N)(C#N)C1(C#N)C#N
C=CC(C=C)=CCCNC(=O)OC(C)(C)C.CC1=CC(=O)C2=C(C=CC=C2)C1=O,,C=CC1=CCC2(C)C(=O)C3=CC=CC=C3C(=O)C2C1CCNC(=O)OC(C)(C)C
COC1=CC=C(C=CC(=O)C2=CC=CS2)C=C1.C=C(C)C(=C)C,,COC1=CC=C(C2CC(C)=C(C)CC2C(=O)C2=CC=CS2)C=C1
CC(=O)OC1CC(C2=C(O)C3=C(C=C2)C(=O)C=CC3=O)OC(C)C1OC(C)=O.COC=CC1=CC(OC(C)=O)CCC1,,COC1C=C2CCCC(OC(C)=O)C2C2C(=O)C3=CC=C(C4CC(OC(C)=O)C(OC(C)=O)C(C)O4)C(O)=C3C(=O)C12
C=C(C)C(=C)C.COC1=CC=C(C(=O)C=CC(=O)C2=CC=C([N+](=O)[O-])C=C2)C=C1,,COC1=CC=C(C(=O)C2CC(C)=C(C)CC2C(=O)C2=CC=C([N+](=O)[O-])C=C2)C=C1
CC(C)(C)OC(=O)C=C1C(=O)N(C(=O)OCC2=CC=CC=C2)C2=CC=CC=C12.C=CC=CNC(=O)OCC1=CC=CC=C1,,CC(C)(C)OC(=O)C1CC=CC(NC(=O)OCC2=CC=CC=C2)C12C(=O)N(C(=O)OCC1=CC=CC=C1)C1=CC=CC=C12
COC(=O)C1=CC2CCC(C2)C1=O.C=C(C)C(=C)C,,COC(=O)C12CC(C)=C(C)CC1C1CCC(C1)C2=O
ClC1=C(Cl)C(Cl)(Cl)C(Cl)=C1Cl.C=CCOC1=CC=CC=C1C,,CC1=CC=CC=C1OCC1CC2(Cl)C(Cl)=C(Cl)C1(Cl)C2(Cl)Cl
COC(=O)C1=C2C3=CC(OC)=CC=C3CCN2C(=O)C1=O.C=C(C=CO[Si](C)(C)C)O[Si](C)(C)C,,COC(=O)C12C(=O)C(=O)N3CCC4=CC=C(OC)C=C4C31CC(O[Si](C)(C)C)=CC2O[Si](C)(C)C
COC1=CC=C(C2C(O[Si](C)(C)C(C)(C)C)=C3C(=O)OCC3=C2C2=CC=CC=C2)C=C1.O=C1C=CC(=O)N1C1=CC=CC=C1,,COC1=CC=C(C2C3(O[Si](C)(C)C(C)(C)C)C4=C(COC4=O)C2(C2=CC=CC=C2)C2C(=O)N(C4=CC=CC=C4)C(=O)C23)C=C1
C=C(C)C(=C)[N+](=O)[O-].C1=CCC=C1,,C=C(C)C1([N+](=O)[O-])CC2C=CC1C2
C=CC(=C)CCC=C(C)C.C=CC(=O)OC1CC(C)CCC1C(C)C,,CC(C)=CCCC1=CCC(C(=O)OC2CC(C)CCC2C(C)C)CC1
NC(=O)C#CC(N)=O.COC1=CC=C(C2=C(C)C(C)(C)C(C)=C2C)C=C1,,COC1=CC=C(C2=C(C)C3(C)C(C(N)=O)=C(C(N)=O)C2(C)C3(C)C)C=C1
ClC1=C(Cl)C(Cl)(Cl)C(Cl)=C1Cl.C[Si](C)(C)OC=CO[Si](C)(C)C,,C[Si](C)(C)OC1C(O[Si](C)(C)C)C2(Cl)C(Cl)=C(Cl)C1(Cl)C2(Cl)Cl
O=C1C=CC(=O)N1C1=CC=CC=C1.C=CC1=CCCC2C(=O)C3OC(C)(C)OC3C(OCOC)C12,,COCOC1C2OC(C)(C)OC2C(=O)C2CCC3C(=CCC4C(=O)N(C5=CC=CC=C5)C(=O)C43)C21
C=CC(=O)OC.ClC1=CC=C(C2=CC=C(C3=CC=C(Cl)C=C3)C2)C=C1,,COC(=O)C1CC2(C3=CC=C(Cl)C=C3)C=CC1(C1=CC=C(Cl)C=C1)C2
C=C(C)B1OC(C2=CC(C)=CC(C)=C2)(C2=CC(C)=CC(C)=C2)C2CC3CCCCC3N12.C1=CCC=C1,,CC1=CC(C)=CC(C2(C3=CC(C)=CC(C)=C3)OB(C3(C)CC4C=CC3C4)N3C4CCCCC4CC32)=C1
C=C(C)C(=C)C.C=CS(=O)(=O)C(Cl)Cl,,CC1=C(C)CC(S(=O)(=O)C(Cl)Cl)CC1
C=CC(=C)OCC.C=C1C(=O)CCCC1(C)C,,CCOC1=CCC2(CC1)C(=O)CCCC2(C)C
C1=CCC=C1.O=C1C=C(S(=O)(=O)C2=CC=CC=C2)C(=O)C(S(=O)(=O)C2=CC=CC=C2)=C1,,O=C1C=C(S(=O)(=O)C2=CC=CC=C2)C(=O)C2(S(=O)(=O)C3=CC=CC=C3)C3C=CC(C3)C12
C=C1CCCC1=C.O=C1C=CC(=O)C=C1,,O=C1C=CC(=O)C2CC3=C(CCC3)CC12
C=C(C)C(=O)OC1CCCC12CCCC2NC(=O)C(C)(C)C.C1=CCC=C1,,CC(C)(C)C(=O)NC1CCCC12CCCC2OC(=O)C1(C)CC2C=CC1C2
O=C1C=CC(=O)N1CC1=CC=CC=C1.C=CC=CO[Si](C)(C)C,,C[Si](C)(C)OC1C=CCC2C(=O)N(CC3=CC=CC=C3)C(=O)C12
CC(C)=C1C=CC=C1.O=C1C=CC(=O)N1C1=CC=CC=C1,,CC(C)=C1C2C=CC1C1C(=O)N(C3=CC=CC=C3)C(=O)C21
CC1=CC(=O)C(C)=CC1=O.C=C(C=COC)O[Si](C)(C)C,,COC1C=C(O[Si](C)(C)C)CC2C(=O)C(C)=CC(=O)C12C
C=C(C)C(=C)C.O=C1C=CP(=O)(C2=CC=CC=C2)C1,,CC1=C(C)CC2C(C1)C(=O)CP2(=O)C1=CC=CC=C1
C=CC=C[Si](C)(C)C.O=C1C=CC(=O)O1,,C[Si](C)(C)C1C=CCC2C(=O)OC(=O)C21
C=C(C)C1=C(B2OC(C)(C)C(C)(C)O2)CC(C)=CC1.O=C1C=CC(=O)N1C1=CC=CC=C1,,CC1=CCC2=C(C)CC3C(=O)N(C4=CC=CC=C4)C(=O)C3C2(B2OC(C)(C)C(C)(C)O2)C1
CC=CC(=O)C1(O)CC2CCC1(C)C2(C)C.C1=CCCC=C1,,CC1C2C=CC(CC2)C1C(=O)C1(O)CC2CCC1(C)C2(C)C
C=C(C)C(=C)C.O=C1C(=CC(F)(F)F)CCC2=CC=CC=C12,,CC1=C(C)CC2(CCC3=CC=CC=C3C2=O)C(C(F)(F)F)C1
O=C1C=CC(=O)N1.CC(C)[Si](OC(C=CC1=CC=CC=C1[N+](=O)[O-])=CNC=O)(C(C)C)C(C)C,,CC(C)[Si](OC1=CC(C2=CC=CC=C2[N+](=O)[O-])C2C(=O)NC(=O)C2C1NC=O)(C(C)C)C(C)C
C1=CCC=C1.O=C(O)C1=CC=C(N2C(=O)C(Cl)=C(Cl)C2=O)C=C1,,O=C(O)C1=CC=C(N2C(=O)C3(Cl)C4C=CC(C4)C3(Cl)C2=O)C=C1
CC(C)(C)OC(=O)C1=C(C(=O)OC(C)(C)C)C1(C)C.C=CC(=C)O[Si](C)(C)C,,CC(C)(C)OC(=O)C12CC=C(O[Si](C)(C)C)CC1(C(=O)OC(C)(C)C)C2(C)C
COC(=O)NC(=O)C1=CCCCC1=O.C=CC(=C)O[Si](C(C)C)(C(C)C)C(C)C,,COC(=O)NC(=O)C12CC=C(O[Si](C(C)C)(C(C)C)C(C)C)CC1CCCC2=O
C1=CC=C(C2=C3CCCC3=C(C3=CC=CC=C3)C2)C=C1.O=C1C=CC(=O)O1,,O=C1OC(=O)C2C1C1(C3=CC=CC=C3)CC2(C2=CC=CC=C2)C2=C1CCC2
C#CC1=CC=CC=C1.C=CC=CC1CCCCC1,,C1=CC(C2CCCCC2)C=C(C2=CC=CC=C2)C1
C=C(OCC)OCC.CC1=CC=C(C)C2(OCCO2)C1=O,,CCOC1(OCC)CC2(C)C=CC1(C)C(=O)C21OCCO1
C=CC=C.NC(=O)C=CC1=CN=C(SC2=CC=CC=C2)N1COCC1=CC=CC=C1,,NC(=O)C1CC=CCC1C1=CN=C(SC2=CC=CC=C2)N1COCC1=CC=CC=C1
O=C1C=CC(=O)C=C1.C=C1CC2(COC(C)(C)OC2)CC1=C[Si](C)(C)C,,CC1(C)OCC2(CO1)CC1=C(C2)C([Si](C)(C)C)C2C(=O)C=CC(=O)C2C1
C1=CCC=C1.O=C(C=CC1=CC=C(F)C=C1)OCC1C2=CC=CC=C2C2=CC=CC=C21,,O=C(OCC1C2=CC=CC=C2C2=CC=CC=C21)C1C2C=CC(C2)C1C1=CC=C(F)C=C1
ClC1=C(Cl)C(Cl)(Cl)C(Cl)=C1Cl.O=C(Cl)C=CC(=O)Cl,,O=C(Cl)C1C(C(=O)Cl)C2(Cl)C(Cl)=C(Cl)C1(Cl)C2(Cl)Cl
C1=CCC=C1.C=C(C(=O)Cl)S(=O)(=O)Cl,,O=C(Cl)C1(S(=O)(=O)Cl)CC2C=CC1C2
O=C1C=CCC1.C=C(C=CC(C)C)O[Si](C)(C)C,,CC(C)C1C=C(O[Si](C)(C)C)CC2CCC(=O)C21
C=C(C)C(=C)C.O=C1C=CC(=O)C2=C1C=C1C=CC=CC1=C2,,CC1=C(C)CC2C(=O)C3=CC4=CC=CC=C4C=C3C(=O)C2C1
CCCN1C(=O)C=CC1=O.C=CC1=CCC2C(=O)C3=C(C=CC(Br)=C3O)C(=O)C2(C)C1C1=CC=C(Br)C=C1,,CCCN1C(=O)C2CC=C3C(CC4C(=O)C5=C(C=CC(Br)=C5O)C(=O)C4(C)C3C3=CC=C(Br)C=C3)C2C1=O
C=C(CCCCCCCCCC)C(C=CCCC1=CC=CC=C1)=C(C)C.N#CC(C#N)=C(C#N)C#N,,CCCCCCCCCCC1=C(C=CCCC2=CC=CC=C2)C(C)(C)C(C#N)(C#N)C(C#N)(C#N)C1
C1=CCC=C1.CC(C)(C)C(=O)OC1C(=O)C=CC(=O)C1OC(=O)C(C)(C)C,,CC(C)(C)C(=O)OC1C(=O)C2C3C=CC(C3)C2C(=O)C1OC(=O)C(C)(C)C
C=C(Cl)C(=O)Cl.C=C(C=C(C)C)C1=CC=CC=C1,,CC1(C)C=C(C2=CC=CC=C2)CCC1(Cl)C(=O)Cl
C1=CCC=C1.CC(=O)OCC1=CC2C=CC1C2,,CC(=O)OCC1=CC2CC1C1C3C=CC(C3)C21
CCOC(=O)C1=COC(C)(C)CC1=O.C=CC(=C)O[Si](C)(C)C(C)(C)C,,CCOC(=O)C12CC=C(O[Si](C)(C)C(C)(C)C)CC1OC(C)(C)CC2=O
C1=CCC=C1.O=C(O)C=CC(=O)OC1CCCCC1,,O=C(O)C1C2C=CC(C2)C1C(=O)OC1CCCCC1
C=C(Br)C1=CC=CC=C1.COC1(OC)C(Cl)=C(Cl)C(Cl)=C1Cl,,COC1(OC)C2(Cl)CC(Br)(C3=CC=CC=C3)C1(Cl)C(Cl)=C2Cl
COC(=O)C=CC(=O)OC.C=CC(=C)CC(O)C1=CC=CC=C1,,COC(=O)C1CC=C(CC(O)C2=CC=CC=C2)CC1C(=O)OC
C=CC(=C)COCCCC.C=CC=O,,CCCCOCC1=CCC(C=O)CC1
CCC1=C(C2=CC=CC=C2)C(C2=CC=CC=C2)=C(CC)C1=O.C=CC1=CC=C(OC)C=C1,,CCC12CC(C3=CC=C(OC)C=C3)C(CC)(C1=O)C(C1=CC=CC=C1)=C2C1=CC=CC=C1
O=C(C=CC1=CC=CC=C1Cl)C1=CC=CC=C1O.C=C(C)C=CC1=CC=CC=C1,,CC1=CC(C2=CC=CC=C2)C(C(=O)C2=CC=CC=C2O)C(C2=CC=CC=C2Cl)C1
ClC1=C(Cl)C(Cl)(Cl)C(Cl)=C1Cl.C=CC(C)=CCC=C(C)C,,CC(C)=CCC=C(C)C1CC2(Cl)C(Cl)=C(Cl)C1(Cl)C2(Cl)Cl
O=C1C=CC(=O)C=C1.C=CC=CO[Si](C)(C)C,,C[Si](C)(C)OC1C=CCC2C(=O)C=CC(=O)C12
COC1=CC(OC(C)=O)=CC=C1C=CC(=O)C1=CC=C(OC(C)=O)C=C1.C=C(C)C=CC1=C(OCOC)C=C(OCOC)C(Br)=C1,,COCOC1=CC(OCOC)=C(C2C=C(C)CC(C3=CC=C(OC(C)=O)C=C3OC)C2C(=O)C2=CC=C(OC(C)=O)C=C2)C=C1Br
C1=C(C2=CC=CC=C2)C=C(C2CC2)OC2CCCCC12.N#CC(C#N)=C(C#N)C#N,,N#CC1(C#N)C2C(C3=CC=CC=C3)=CC(C3CC3)(OC3CCCCC32)C1(C#N)C#N
O=C1C=CC(=O)N1CC1=CC=CC=C1.CC=C(C)C=CCOCC1=CC=CC=C1,,CC1=CC(COCC2=CC=CC=C2)C2C(=O)N(CC3=CC=CC=C3)C(=O)C2C1C
O=S1(=O)CC2C=CC2C1.O=C1C(C2=CC=CC=C2)=C(C2=CC=CC=C2)C(C2=CC=CC=C2)=C1C1=CC=CC=C1,,O=C1C2(C3=CC=CC=C3)C(C3=CC=CC=C3)=C(C3=CC=CC=C3)C1(C1=CC=CC=C1)C1C3CS(=O)(=O)CC3C12
C1=C(C2=CC=CC=C2)C=C(C2CCCCC2)OCC1.O=C1C=CC(=O)O1,,O=C1OC(=O)C2C1C1CCOC2(C2CCCCC2)C=C1C1=CC=CC=C1
ClC1=C(Cl)C(Cl)C(Cl)=C1Cl.O=C1C=CC(=O)C=C1,,O=C1C=CC(=O)C2C1C1(Cl)C(Cl)=C(Cl)C2(Cl)C1Cl
C=CC(=O)OCC.CCCCC=CC=CN1CCCC1=O,,CCCCC1C=CC(N2CCCC2=O)C(C(=O)OCC)C1
C=CCC1C=CC=C1.C=CC#N,,C=CCC1C2C=CC1C(C#N)C2
C=CC1=CCC(OC(=O)CCCCCCCCCCCCC)COC1CCCCC.COC(=O)C#CC(=O)OC,,CCCCCCCCCCCCCC(=O)OC1COC(CCCCC)C2=CCC(C(=O)OC)=C(C(=O)OC)C2C1
C1=CCC=C1.FC(F)=C(F)C(F)(F)F,,FC(F)(F)C1(F)C2C=CC(C2)C1(F)F
O=P(C=CP(=O)(C1=CC=CC=C1)C1=CC=CC=C1)(C1=CC=CC=C1)C1=CC=CC=C1.C[Si](C)(C)C1C=CC=C1,,C[Si](C)(C)C1C2C=CC1C(P(=O)(C1=CC=CC=C1)C1=CC=CC=C1)C2P(=O)(C1=CC=CC=C1)C1=CC=CC=C1
C=C(C)C(C)=O.C=CC(=C)C(C)(C)CCO,,CC(=O)C1(C)CCC=C(C(C)(C)CCO)C1
N#CC(C#N)=C(C#N)C#N.COC=CC(C)=COC1C(C)=CC(OC)C2C(=O)N(C)C(=O)C12,,COC1C=C(C)C(OC2C(C)=CC(OC)C(C#N)(C#N)C2(C#N)C#N)C2C(=O)N(C)C(=O)C12
C1=CCCC=C1.O=C1C=CC(=O)C2=C1N=CC1=CC=CN21,,O=C1C2=C(C(=O)C3C4C=CC(CC4)C13)N1C=CC=C1C=N2
CCN1C(=O)C=CC1=O.C=CC1=CCC2C(=O)C3=C(C=CC(Br)=C3O)C(=O)C2(C)C1C1=CC=C(Cl)C=C1,,CCN1C(=O)C2CC=C3C(CC4C(=O)C5=C(C=CC(Br)=C5O)C(=O)C4(C)C3C3=CC=C(Cl)C=C3)C2C1=O
O=C1N(CC2=CC=CC=C2)C(C=CC2=CC=CC=C2)=CC(C2=CC=CC=C2)C1(C1=CC=CC=C1)C1=CC=CC=C1.N#CC(C#N)=C(C#N)C#N,,N#CC1(C#N)C(C2=CC=CC=C2)C=C2C(C(C3=CC=CC=C3)C(C3=CC=CC=C3)(C3=CC=CC=C3)C(=O)N2CC2=CC=CC=C2)C1(C#N)C#N
O=C1C=CC(=O)N1.C=CC1=CCC2=C(OC1)C(C)=CC=C2,,CC1=CC=CC2=C1OCC1=CCC3C(=O)NC(=O)C3C1C2
COC(=O)C=CC(C)=O.C=CC(=C)O[Si](C(C)C)(C(C)C)C(C)C,,COC(=O)C1CC(O[Si](C(C)C)(C(C)C)C(C)C)=CCC1C(C)=O
O=C1C=CC(=O)N1.C=CC1=CCC2(C)C(=O)C3=CC=CC=C3C(=O)C2(C)C1C1=CC=C(C(C)C)C=C1,,CC(C)C1=CC=C(C2C3=CCC4C(=O)NC(=O)C4C3CC3(C)C(=O)C4=CC=CC=C4C(=O)C23C)C=C1
O=C1C=C([N+](=O)[O-])CCC1.C=C(C=COC)O[Si](C)(C)C,,COC1C=C(O[Si](C)(C)C)CC2C(=O)CCCC12[N+](=O)[O-]
C=CCC=C.COC(=O)C1=C(C2=CC=CC=C2)C(C2=CC=CC=C2)=C(C(=O)OC)C1=O,,C=CCC1CC2(C(=O)OC)C(=O)C1(C(=O)OC)C(C1=CC=CC=C1)=C2C1=CC=CC=C1
OC1C=CC=C(C2=CC=CN=C2)C1O.CSC1=CC=C(C=CC(=O)C2=CC=C(N3C(=O)C=CC3=O)C=C2)C=C1,,CSC1=CC=C(C=CC(=O)C2=CC=C(N3C(=O)C4C5C=CC(C6=CC=CN=C6)(C(O)C5O)C4C3=O)C=C2)C=C1
C=C(C)C(=C)C.C1=CC2=C3C1=CC=CC3=CC=C2,,CC1=C(C)CC2C3=C4C(=CC=CC4=CC=C3)C2C1
COC1=CC=C(OC)C2=C1C(=COC(C)=O)C(=COC(C)=O)C2=COC(C)=O.CN1C(=O)C=CC1=O,,COC1=CC=C(OC)C2=C1C(=COC(C)=O)C1=C2C(OC(C)=O)C2C(=O)N(C)C(=O)C2C1OC(C)=O
COC(=O)C=CC(C)=O.C=CC(=C)O[Si](C)(C)C(C)(C)C,,COC(=O)C1CC(O[Si](C)(C)C(C)(C)C)=CCC1C(C)=O
C1=C(C2=CCCCCC2)CCCCC1.O=C1C=CC(=O)C=C1,,O=C1C=CC(=O)C2C3CCCCCC3=C3CCCCCC3C12
C1=CCC=C1.C=CS(=O)(=O)N(CC)CC,,CCN(CC)S(=O)(=O)C1CC2C=CC1C2
CCCCC(=O)C=CC(=O)CCCC.C1=CCC=C1,,CCCCC(=O)C1C2C=CC(C2)C1C(=O)CCCC
C=CC(=O)N(C)C.C1=CCC=C1,,CN(C)C(=O)C1CC2C=CC1C2
C1=CCCC=C1.O=S(=O)(C=CS(=O)(=O)C1=CC=CC=C1)C1=CC=CC=C1,,O=S(=O)(C1=CC=CC=C1)C1C2C=CC(CC2)C1S(=O)(=O)C1=CC=CC=C1
C1=CCC=C1.CCOC(=O)C1CC2C=CC(=O)C(C2)C1,,CCOC(=O)C1CC2CC(C1)C1C3C=CC(C3)C1C2=O
C1=CCC=C1.O=C1C=CC(=O)C(CO)=C1,,O=C1C=C(CO)C(=O)C2C3C=CC(C3)C12
CC=CC(=O)OCC(F)(F)F.C1=CCC=C1,,CC1C2C=CC(C2)C1C(=O)OCC(F)(F)F
O=C1C=CC(=O)O1.C[Si](C)(C)C(=CBr)C(=CBr)[Si](C)(C)C,,C[Si](C)(C)C1=C([Si](C)(C)C)C(Br)C2C(=O)OC(=O)C2C1Br
ClC1=C(Cl)C(Cl)(Cl)C(Cl)=C1Cl.C=COC1=CC=C(F)C=C1,,FC1=CC=C(OC2CC3(Cl)C(Cl)=C(Cl)C2(Cl)C3(Cl)Cl)C=C1
C1=CC12OCCCO2.COC=CC=CC(=O)OC,,COC(=O)C1C=CC(OC)C2C1C21OCCCO1
ClC1=CCC=C1.N#CC(C#N)=C(C#N)C#N,,N#CC1(C#N)C2C=C(Cl)C(C2)C1(C#N)C#N
C=CC(=O)N1C(=O)OC2C3CC(O[Si](C4=CC=CC=C4)(C4=CC=CC=C4)C(C)(C)C)C(C3)C21.C1=CCC=C1,,CC(C)(C)[Si](OC1CC2CC1C1C2OC(=O)N1C(=O)C1CC2C=CC1C2)(C1=CC=CC=C1)C1=CC=CC=C1
C=C(C)C(=C)C.FC1(F)C=C(Cl)C(F)(F)C1(F)F,,CC1=C(C)CC2(Cl)C(C1)C(F)(F)C(F)(F)C2(F)F
COC1=CC=C(C2=CC=C3CCCCC32C)C=C1.CCOC(C=CC1(O)C=CC(=O)C=C1)OCC,,CCOC(C=CC1(O)C=CC(=O)C2C1C13C=CC2(C2=CC=C(OC)C=C2)C1(C)CCCC3)OCC
C=CC=CN1N=NC2=CC=CC=C21.O=C1C=CC(=O)N1C1=CC=CC=C1,,O=C1C2CC=CC(N3N=NC4=CC=CC=C43)C2C(=O)N1C1=CC=CC=C1
C1=CC2(C=C1)CC2.O=C1C=CC(=O)O1,,O=C1OC(=O)C2C1C1C=CC2C12CC2
C1=C(C2=CCCCC2)CCCC1.C=C(CC(=O)O)C(=O)O,,O=C(O)CC1(C(=O)O)CC2CCCCC2=C2CCCCC21
CN1C(=O)C=CC1=O.CC(C)(C)[Si](C)(C)N1BC=CC=C1,,CN1C(=O)C2C3BN([Si](C)(C)C(C)(C)C)C(C=C3)C2C1=O
C1=CCC=C1.CC(=O)OC1=CC(=O)C2=C(C=CC=C2)C1=O,,CC(=O)OC12C(=O)C3=CC=CC=C3C(=O)C1C1C=CC2C1
IC1C=CC=C1.O=C1C=CC(=O)N1C1=CC=CC=C1,,O=C1C2C3C=CC(C3I)C2C(=O)N1C1=CC=CC=C1
C=C(C(=C)C1=CC=CC=C1)C1=CC=CC=C1.O=C1C=CC(=O)C=C1,,O=C1C=CC(=O)C2CC(C3=CC=CC=C3)=C(C3=CC=CC=C3)CC12
CC=CC#N.C=C(C)C(=C)O[Si](C)(C)C,,CC1=C(O[Si](C)(C)C)CC(C)C(C#N)C1
C=CC(=O)CC.C(=CC1=CC=CC=C1)C1=C[Si](C2=CC=CC=C2)(C2=CC=CC=C2)CCC1,,CCC(=O)C1CC2C(=CC1C1=CC=CC=C1)CCC[Si]2(C1=CC=CC=C1)C1=CC=CC=C1
C1=CCC=C1.CC=CC(=O)N1C(=O)OCC1C(C)C,,CC(C)C1COC(=O)N1C(=O)C1C2C=CC(C2)C1C
CN1C(=O)C=CC1=O.CN1C(C(F)(F)F)=CC=CC1CC1=CC=C(OC(F)(F)F)C=C1,,CN1C(=O)C2C3C=CC(C(F)(F)F)(C2C1=O)N(C)C3CC1=CC=C(OC(F)(F)F)C=C1
C1=CCCC=C1.O=C1C=CC(=O)N1C1=CC=C(S(=O)(=O)Cl)C=C1,,O=C1C2C3C=CC(CC3)C2C(=O)N1C1=CC=C(S(=O)(=O)Cl)C=C1
O=C1C=CC(=O)C=C1.CC=C1C(=CC)C2C=CC1C2,,CC1C2=C(C3C=CC2C3)C(C)C2C(=O)C=CC(=O)C12
C1=CC2=C3C1=CC=CC3=CC=C2.CC=CC=CC(=O)OCC,,CCOC(=O)C1C=CC(C)C2C3=CC=CC4=CC=CC(=C34)C12
C=CC1=CCCN1S(=O)(=O)C1=CC=C(C)C=C1.COC(=O)C#CC(=O)OC,,COC(=O)C1=C(C(=O)OC)C2CCN(S(=O)(=O)C3=CC=C(C)C=C3)C2=CC1
C=CC#N.CC1=C(C)C(O[Si](C)(C)C)=CCC1,,CC1=C(O[Si](C)(C)C)C2CCC1(C)C(C#N)C2
C1=CCC=C1.O=C1C=CC(=O)C(S(=O)(=O)C2=CC=CC=C2)=C1S(=O)(=O)C1=CC=CC=C1,,O=C1C(S(=O)(=O)C2=CC=CC=C2)=C(S(=O)(=O)C2=CC=CC=C2)C(=O)C2C3C=CC(C3)C12
C1=CCC=C1.O=S(=O)(C=CS(=O)(=O)C1=CC=C2C=CC=CC2=C1)C1=CC=C2C=CC=CC2=C1,,O=S(=O)(C1=CC=C2C=CC=CC2=C1)C1C2C=CC(C2)C1S(=O)(=O)C1=CC=C2C=CC=CC2=C1
C1=CCCCC=C1.O=C(Cl)C=CC(=O)Cl,,O=C(Cl)C1C2C=CC(CCC2)C1C(=O)Cl
COC(=O)C=CC(=O)OC.CC1(C)C2=C(CC=C2)C2OC1C=CC2=O,,COC(=O)C1C2C=C3C(C)(C)C4C=CC(=O)C(O4)C3(C2)C1C(=O)OC
C1=CCC=C1.CC1=CC(=O)C(Cl)=C(Br)C1=O,,CC12C(=O)C(Br)=C(Cl)C(=O)C1C1C=CC2C1
N#CC(C#N)=C(C#N)C#N.CCCCC1=CC(C2=CC=CC=C2)=CCCO1,,CCCCC12C=C(C3=CC=CC=C3)C(CCO1)C(C#N)(C#N)C2(C#N)C#N
C1=CCC=C1.C=CCI,,ICC1CC2C=CC1C2
C=C(C)C(=C)C.CCOP(=O)(C=CC#N)OCC,,CCOP(=O)(OCC)C1CC(C)=C(C)CC1C#N
CC(=O)C(=CC1=CC=CS1)[N+](=O)[O-].C=C(C)C(=C)C,,CC(=O)C1([N+](=O)[O-])CC(C)=C(C)CC1C1=CC=CS1
C1=CCC=C1.CCCCCCCCCCCCOC(=O)C=CC(=O)OCCCCCCCCCCCC,,CCCCCCCCCCCCOC(=O)C1C2C=CC(C2)C1C(=O)OCCCCCCCCCCCC
CC=CC1=CCC2C(=O)N(C3=CC=CC=C3)C(=O)C2C1.O=C1C=CC(=O)N1C1=CC=CC=C1,,CC1C=C2CC3C(=O)N(C4=CC=CC=C4)C(=O)C3CC2C2C(=O)N(C3=CC=CC=C3)C(=O)C12
O=C1C=CC(=O)C=C1.CC1(C)C=CC(O[Si](C)(C)C)=CC1,,CC1(C)CC2C(O[Si](C)(C)C)=CC1C1C(=O)C=CC(=O)C21
CCOC(=O)C(=CC1=CC=C(F)C=C1)S(=O)(=O)C(F)(F)F.C1=CCC=C1,,CCOC(=O)C1(S(=O)(=O)C(F)(F)F)C2C=CC(C2)C1C1=CC=C(F)C=C1
C=C(Cl)C(=O)CCC=CC.C=CC(=COC)C(=C)O[Si](C)(C)C(C)(C)C,,C=CC1=C(O[Si](C)(C)C(C)(C)C)CCC(Cl)(C(=O)CCC=CC)C1OC
CC1=CC(=O)C=C(Cl)C1=O.CC=CC=CO[Si](C)(C)C,,CC1=CC(=O)C2C(C)C=CC(O[Si](C)(C)C)C2(Cl)C1=O
N#CC(C#N)=C(C#N)C#N.C=C(Br)C1=C(C)CCC(C(=O)OC)(C(=O)OC)C1,,COC(=O)C1(C(=O)OC)CCC2(C)C(=C(Br)CC(C#N)(C#N)C2(C#N)C#N)C1
C=CCOC(=O)N(C(=O)OCC=C)N(C=CC(=C)C1=CC=CC=C1)S(C)(=O)=O.CCOC(=O)C=CC(=O)N1CCOC1=O,,C=CCOC(=O)N(C(=O)OCC=C)N(C1C=C(C2=CC=CC=C2)CC(C(=O)OCC)C1C(=O)N1CCOC1=O)S(C)(=O)=O
C1=CCC=C1.O=C1C=CC(=O)C1(Br)Br,,O=C1C2C3C=CC(C3)C2C(=O)C1(Br)Br
C=CC(=C)OC.CC(C)C1C=CC(=O)CC1,,COC1=CCC2C(=O)CCC(C(C)C)C2C1
CCN1CCC=C(C)C1C#N.C=C(C=COC)O[Si](C)(C)C,,CCN1CCC2CC(O[Si](C)(C)C)=CC(OC)C2(C)C1C#N
C=C(C)C(=C)C.CC=CC1=CC=C(C)C=C1,,CC1=C(C)CC(C2=CC=C(C)C=C2)C(C)C1
C=CC(=O)OCC.COC1(OC)C=C(F)C=CC1=O,,CCOC(=O)C1CC2C(F)=CC1C(=O)C2(OC)OC
O=C1C=CC(=O)N1C1=CC=CC=C1.CC=C1OC(C)(C)OC(=O)C1=CC(C)C,,CC(C)C1C2=C(OC(C)(C)OC2=O)C(C)C2C(=O)N(C3=CC=CC=C3)C(=O)C12
C=C(C)C=O.C=C(C=CNC(=O)OCC1=CC=CC=C1)CC1=CC=CC=C1,,CC1(C=O)CCC(CC2=CC=CC=C2)=CC1NC(=O)OCC1=CC=CC=C1
COC1=CC(=O)C=C(OC)C1=O.C=C(C=COC)O[Si](C)(C)C,,COC1=CC(=O)C2CC(O[Si](C)(C)C)=CC(OC)C2(OC)C1=O
CC1=CC=C(S(=O)(=O)N2C(=O)N(C3=CC=CC=C3)C=C(C=CC3=CC=CC=C3)C2C2=CC=CC=C2)C=C1.O=C1C=CC(=O)N1C1=CC=CC=C1,,CC1=CC=C(S(=O)(=O)N2C(=O)N(C3=CC=CC=C3)C3C(=CC(C4=CC=CC=C4)C4C(=O)N(C5=CC=CC=C5)C(=O)C43)C2C2=CC=CC=C2)C=C1
C=CC1=CC=CC=C1.O=C1C=C(C(C2=CC=CC=C2)C2=CC=CC=C2)C=C(C(C2=CC=CC=C2)C2=CC=CC=C2)C1=O,,O=C1C(=O)C2(C(C3=CC=CC=C3)C3=CC=CC=C3)C=C(C(C3=CC=CC=C3)C3=CC=CC=C3)C1CC2C1=CC=CC=C1
C=CCCC(=O)C1=CC(CC(C)C)N(C(=O)OC(C)(C)C)C1=O.C=CCCC(C)=CC=CC(C)=CC,,C=CCCC(=O)C12C(=O)N(C(=O)OC(C)(C)C)C(CC(C)C)C1C(C)C(C)=CC2C=C(C)CCC=C
N#CC=CC#N.CN(C)C=CC=CN(C)C,,CN(C)C1C=CC(N(C)C)C(C#N)C1C#N
COC(=O)C#CC(=O)OC.C=CCCC=CC(=C)C1=CC=C(I)C=C1,,C=CCCC1C=C(C2=CC=C(I)C=C2)CC(C(=O)OC)=C1C(=O)OC
C1=CCC=C1.CC1=CC(=O)C2=C(C=CC=C2)C1=O,,CC12C(=O)C3=CC=CC=C3C(=O)C1C1C=CC2C1
BrC1=CC2=CC(=C1)C1=CC=CC=C1C#CC#CC1=CC=CC=C21.C1=CCC=C1,,BrC1=CC2=CC(=C1)C1=CC=CC=C1C#CC1=C(C3=CC=CC=C23)C2C=CC1C2
CC=CC1=CC=C(SC)C=C1.C=C(C)C(=C)C,,CSC1=CC=C(C2CC(C)=C(C)CC2C)C=C1
O=C1C=CC(=O)C2=C1C=CC=C2O.COC=CC1=CC(OC(C)=O)CCC1,,COC1C=C2CCCC(OC(C)=O)C2C2C(=O)C3=CC=CC(O)=C3C(=O)C12
O=C1C=CC(=O)O1.CCOC(=O)C=CC=CCBr,,CCOC(=O)C1C=CC(CBr)C2C(=O)OC(=O)C12
C=C(C)C(=C)C.CC=CC(=O)C1=CC=CC=C1,,CC1=C(C)CC(C(=O)C2=CC=CC=C2)C(C)C1
COC(=O)C=CC(=O)OC.C(=C1C(=CC2=CC=CC=C2)C(C2=CC=CC=C2)OC1C1=CC=CC=C1)C1=CC=CC=C1,,COC(=O)C1C(C2=CC=CC=C2)C2=C(C(C3=CC=CC=C3)OC2C2=CC=CC=C2)C(C2=CC=CC=C2)C1C(=O)OC
C=C(C)C(=C)C.O=C1C=CCOC1OCC1=CC=CC=C1,,CC1=C(C)CC2C(=O)C(OCC3=CC=CC=C3)OCC2C1
CC1=C(C)C(C)(N)C(C)=C1C.O=C1C=CC(=O)N1C1=CC=CC=C1,,CC1=C(C)C2(C)C3C(=O)N(C4=CC=CC=C4)C(=O)C3C1(C)C2(C)N
CN1C(=O)C=CC1=O.C=C(C=CC1=CC=C(OC)C(OC)=C1)O[Si](C)(C)C(C)(C)C,,COC1=CC=C(C2C=C(O[Si](C)(C)C(C)(C)C)CC3C(=O)N(C)C(=O)C32)C=C1OC
CC1CC12C=CC=C2.O=C1C=CC(=O)C=C1,,CC1CC12C1C=CC2C2C(=O)C=CC(=O)C21
COC(=O)C=CC(=O)OC(C)C1=CC=CC=C1.C1=CCC=C1,,COC(=O)C1C2C=CC(C2)C1C(=O)OC(C)C1=CC=CC=C1
C1=CCC=C1.O=S(=O)(C=CS(=O)(=O)C1=CC=CC=C1)C1=CC=CC=C1,,O=S(=O)(C1=CC=CC=C1)C1C2C=CC(C2)C1S(=O)(=O)C1=CC=CC=C1
COC(=O)C=CC(=O)OC.C=C1CC2CCCC2(O)CC1=C,,COC(=O)C1CC2=C(CC1C(=O)OC)CC1(O)CCCC1C2
N#CC(C#N)=C(C#N)C#N.C=CC=CO[Si](C)(C)C,,C[Si](C)(C)OC1C=CCC(C#N)(C#N)C1(C#N)C#N
C1=CCC=C1.CCCCCCCCC1=C(Br)C1,,CCCCCCCCC12CC1(Br)C1C=CC2C1
CC(=O)C=C[Si](C)(C)C.C1=CCC=C1,,CC(=O)C1C2C=CC(C2)C1[Si](C)(C)C
COC(=O)C=CC1=CC=CC=C1.C=CC(=C)C,,COC(=O)C1CC=C(C)CC1C1=CC=CC=C1
C=CC=C.O=C1C=CC2(C=C1)OCCO2,,O=C1C=CC2(OCCO2)C2CC=CCC12
C=CC(C)=O.C=C(C)C=COCCSC1=CC=CC=C1,,CC(=O)C1CCC(C)=CC1OCCSC1=CC=CC=C1
C=CC(=O)OC.C=C(C)C1=CCCCC1O,,COC(=O)C1CCC(C)=C2C(O)CCCC21
C=CC1=CCC2(C)C(=O)C3=CC=CC=C3C(=O)C2(C)C1C1=CC=CC=C1.O=C1C=CC(=O)N1C1=CC=C(Br)C=C1,,CC12CC3C(=CCC4C(=O)N(C5=CC=C(Br)C=C5)C(=O)C43)C(C3=CC=CC=C3)C1(C)C(=O)C1=CC=CC=C1C2=O
O=C1C=C(Cl)C(=O)C(Cl)=C1.C=C(C)C=COC(C)=O,,CC(=O)OC1C=C(C)CC2C(=O)C=C(Cl)C(=O)C12Cl
C=C(C=O)CC.O=C(OC1=CC=CC=C1)N1C=CC=CC1,,CCC1(C=O)CC2C=CC1N(C(=O)OC1=CC=CC=C1)C2
C=CC=COC.O=C1C=CC(=O)C2=C1C=CC=C2,,COC1C=CCC2C(=O)C3=CC=CC=C3C(=O)C12
CCCC=CC(=O)CC.C1=CCC=C1,,CCCC1C2C=CC(C2)C1C(=O)CC
C1=CCCC=C1.O=C1OC(=O)C(Br)=C1Br,,O=C1OC(=O)C2(Br)C3C=CC(CC3)C12Br
C1=CCC=C1.N#CC1=CC=C(C2=CC(=O)C=CC2=O)C=C1,,N#CC1=CC=C(C2=CC(=O)C3C4C=CC(C4)C3C2=O)C=C1
C=CC(=O)OCC.C1=CCC=C1,,CCOC(=O)C1CC2C=CC1C2
CC1=C(C2=CC=CC=C2)C(C2=CC=CC=C2)=C(C)C1.ClC1C=CC1Cl,,CC12CC(C)(C(C3=CC=CC=C3)=C1C1=CC=CC=C1)C1C(Cl)C(Cl)C12
C1=CCCC=C1.CC1=CC=C(C(=O)C=CC(=O)O)C=C1,,CC1=CC=C(C(=O)C2C3C=CC(CC3)C2C(=O)O)C=C1
C=C(C)C(=C)C.O=[N+]([O-])C=C[Se]C1=CC=CC=C1,,CC1=C(C)CC([N+](=O)[O-])C([Se]C2=CC=CC=C2)C1
C=CC(C)=O.COC(OC)C1C=CC=C1,,COC(OC)C1C2C=CC1C(C(C)=O)C2
C=CC(C)=O.N#CC1(C#N)C=CC=C1,,CC(=O)C1CC2C=CC1C2(C#N)C#N
COC1=CC(=O)C=CC1=O.C=C(C)C=CC1=C(OC)C=CC2=C1OC(=O)C=C2,,COC1=CC(=O)C2CC(C)=CC(C3=C(OC)C=CC4=C3OC(=O)C=C4)C2C1=O
N#CC(C#N)=C(C#N)C#N.C=C(C(=C(C)C)N(C)C)P(=O)(OCCC)OCCC,,CCCOP(=O)(OCCC)C1=C(N(C)C)C(C)(C)C(C#N)(C#N)C(C#N)(C#N)C1
CC(=O)C1=CCC2C1CCC21OCCO1.C=C(C)C=CO[Si](C)(C)C,,CC(=O)C12C(CC(C)=CC1O[Si](C)(C)C)CC1C2CCC12OCCO2
CN1C(=O)C=CC1=O.C=CC(=C)C(=C)C(=C)C=C,,C=CC(=C)C(=C)C1=CCC2C(=O)N(C)C(=O)C2C1
C=CC1=CCC2(C)C(=O)C3=CC=CC=C3C(=O)C2(C)C1C1=CC=C(F)C=C1.O=C1C=CC(=O)N1CC1=CC=CC=C1,,CC12CC3C(=CCC4C(=O)N(CC5=CC=CC=C5)C(=O)C43)C(C3=CC=C(F)C=C3)C1(C)C(=O)C1=CC=CC=C1C2=O
C=CC(=O)OC.C1=C(C2=CC=CC=C2)CC(C2=CC=CC=C2)=C1,,COC(=O)C1CC2(C3=CC=CC=C3)C=CC1(C1=CC=CC=C1)C2
COC1=CC=C(C=CC(=O)C2=CC=CC=C2)C=C1.C=C(C)C(=C)C,,COC1=CC=C(C2CC(C)=C(C)CC2C(=O)C2=CC=CC=C2)C=C1
COC1=CC=C(C=CC(=O)C2=CC=CC=C2O)C=C1.C=C(C)C=CC1=CC=CC=C1,,COC1=CC=C(C2CC(C)=CC(C3=CC=CC=C3)C2C(=O)C2=CC=CC=C2O)C=C1
C=CC1=CCCC2(C)C(=O)CCC12C.O=C1C=CC(=O)C=C1,,CC12CCC3C(=CCC4C(=O)C=CC(=O)C43)C1(C)CCC2=O
CCN1C(=O)C=CC1=O.CC1=C2CCC=C(C3=CCCC4=C(C)SC(C)=C34)C2=C(C)S1,,CCN1C(=O)C2C3CCC4=C(C)SC(C)=C4C3=C3C4=C(C)SC(C)=C4CCC3C2C1=O
C=C(C=CC1=CNC2=CC=CC=C12)O[Si](C)(C)C(C)(C)C.O=C1C=CC(=O)N1C1=CC=CC=C1,,CC(C)(C)[Si](C)(C)OC1=CC(C2=CNC3=CC=CC=C23)C2C(=O)N(C3=CC=CC=C3)C(=O)C2C1
C=C1CC(C(=O)OC)(C(=O)OC)CC1=C.COC(=O)C#CC(=O)OC,,COC(=O)C1=C(C(=O)OC)CC2=C(C1)CC(C(=O)OC)(C(=O)OC)C2
O=C1C=CC(=O)O1.CCCCC1=CC(C2=CC=CC=C2)=CCC(C)O1,,CCCCC12C=C(C3=CC=CC=C3)C(CC(C)O1)C1C(=O)OC(=O)C12
C1=CCC=C1.COC(=O)C(OC(=O)C=CC(=O)OC1CC(C)CCC1C(C)C)C1=CC=CC=C1,,COC(=O)C(OC(=O)C1C2C=CC(C2)C1C(=O)OC1CC(C)CCC1C(C)C)C1=CC=CC=C1
C=CC(=O)OC1CCC2(C)C(C1)CC(OC(C)=O)C1C2CC(OC(C)=O)C2(C)C(C(C)CCC(=O)OC)CCC12.C1=CCC=C1,,COC(=O)CCC(C)C1CCC2C3C(OC(C)=O)CC4CC(OC(=O)C5CC6C=CC5C6)CCC4(C)C3CC(OC(C)=O)C12C
NC(=O)C1=CC(=O)C2=C(C=CC=C2)C1=O.C=CC=CO[Si](C)(C)C,,C[Si](C)(C)OC1C=CCC2C(=O)C3=CC=CC=C3C(=O)C12C(N)=O
O=C(C1=CC=CC=C1)C1=CC=C(N2C(=O)C=CC2=O)C=C1.C=CC1=CC(C)(C)OC2=CC=CC=C12,,CC1(C)OC2=CC=CC=C2C2=CCC3C(=O)N(C4=CC=C(C(=O)C5=CC=CC=C5)C=C4)C(=O)C3C21
C1=CCC=C1.CC1(C)COC(=O)C1OC1C=CC(=O)CO1,,CC1(C)COC(=O)C1OC1OCC(=O)C2C3C=CC(C3)C12
ClC1=C(Cl)C(Cl)(Cl)C(Cl)=C1Cl.O=C1C=CC(=O)C(C2=CC=CC=C2)=C1,,O=C1C=C(C2=CC=CC=C2)C(=O)C2C1C1(Cl)C(Cl)=C(Cl)C2(Cl)C1(Cl)Cl
C=CC=CC.C=CC(=O)N1CCOC1=O,,CC1C=CCCC1C(=O)N1CCOC1=O
C1=CCC=C1.C=CC(=O)C1=CC=CC=C1,,O=C(C1=CC=CC=C1)C1CC2C=CC1C2
CSC(=O)C=CC(C)=O.COC(OC)C1C=CC=C1,,COC(OC)C1C2C=CC1C(C(=O)SC)C2C(C)=O
COC1=CC=C(C=CC(=O)C2=CC=CC=N2)C=C1.C1=CCC=C1,,COC1=CC=C(C2C3C=CC(C3)C2C(=O)C2=CC=CC=N2)C=C1
C=CC(=O)OCC.CCOP(=O)(OCC)OC(=CSCC)C1=CCCC1,,CCOC(=O)C1CC2CCCC2=C(OP(=O)(OCC)OCC)C1SCC
C=CC(=O)OC.CC(=O)OCC=C(C)C=CB1OC2=CC=CC=C2O1,,COC(=O)C1CC(COC(C)=O)C(C)=CC1B1OC2=CC=CC=C2O1
C1=CCC=C1.O=[N+]([O-])C=CC1=CC=CN=C1,,O=[N+]([O-])C1C2C=CC(C2)C1C1=CC=CN=C1
COC(=O)N1CCC=C(C(=O)OCC2=CC=CC=C2)C1=O.CC=CC=CC,,COC(=O)N1CCC2C(C)C=CC(C)C2(C(=O)OCC2=CC=CC=C2)C1=O
C1=CCC=C1.FC(F)(F)C(F)(F)C(F)(F)C(F)(F)C(F)(F)C(F)(F)C=CC(F)(F)C(F)(F)C(F)(F)C(F)(F)C(F)(F)C(F)(F)F,,FC(F)(F)C(F)(F)C(F)(F)C(F)(F)C(F)(F)C(F)(F)C1C2C=CC(C2)C1C(F)(F)C(F)(F)C(F)(F)C(F)(F)C(F)(F)C(F)(F)F
COC=CC=COC.N#CC(C#N)=C(C#N)C#N,,COC1C=CC(OC)C(C#N)(C#N)C1(C#N)C#N
CCCCCCCCCCC=CC=CP(=O)(OCC)OCC.O=C1C=CC(=O)O1,,CCCCCCCCCCC1C=CC(P(=O)(OCC)OCC)C2C(=O)OC(=O)C12
COC(=O)C(=O)C=CC1=CC=CC(OC)=C1.C=C(C)C=CC1=CC=CC=C1,,COC(=O)C(=O)C1C(C2=CC=CC=C2)C=C(C)CC1C1=CC=CC(OC)=C1
C=CC(=C)CCS(=O)C1=CC=CC=C1.O=C1C=CC(=O)N1C1=CC=CC=C1,,O=C1C2CC=C(CCS(=O)C3=CC=CC=C3)CC2C(=O)N1C1=CC=CC=C1
CC1C2C=CC(C2)C1C.C1=CCC=C1,,CC1C(C)C2CC1C1C3C=CC(C3)C21
C=C1CN(C)C(=O)C2(CCC(=CC3=CC=CC=C3)C2=O)CC1=C.COC(=O)C#CC(=O)OC,,COC(=O)C1=C(C(=O)OC)CC2=C(C1)CN(C)C(=O)C1(CCC(=CC3=CC=CC=C3)C1=O)C2
C=COCC1=CC=CC=C1.C=CC1(OC)C(=O)C=CC=C1OC,,C=CC1(OC)C(=O)C2C=CC1(OC)CC2OCC1=CC=CC=C1
COC=CC=COC.N#CC=CC#N,,COC1C=CC(OC)C(C#N)C1C#N
C1=CCC=C1.O=S1(=O)C=CC2=NC=CC=C21,,O=S1(=O)C2=CC=CN=C2C2C3C=CC(C3)C21
N#CC(C#N)=C(C#N)C#N.CC(C=CC=C(C)C=CC1=C(C)CCCC1(C)C)=CC=O,,CC(C=CC1C(C)=CC(C2=C(C)CCCC2(C)C)C(C#N)(C#N)C1(C#N)C#N)=CC=O
O=C1C=CC(=O)O1.CC1=CC=C(C2=CC=C(C3=CC=CC=C3)C2)C=C1,,CC1=CC=C(C23C=CC(C4=CC=CC=C4)(C2)C2C(=O)OC(=O)C23)C=C1
O=C1C=C(Cl)C(=O)C2=C1C=CC=C2.C=C(C=COC)O[Si](C)(C)C,,COC1C=C(O[Si](C)(C)C)CC2C(=O)C3=CC=CC=C3C(=O)C12Cl
C=CC=C.C=CC#N,,N#CC1CC=CCC1
C=CC=CC1=CC=C(C2=CC=CC=C2)C=C1.COC(=O)C#CC(=O)OC,,COC(=O)C1=C(C(=O)OC)C(C2=CC=C(C3=CC=CC=C3)C=C2)C=CC1
C=CC(=O)OCC.C=CC=CN1N=NC2=CC=CC=C21,,CCOC(=O)C1CCC=CC1N1N=NC2=CC=CC=C21
C=CC(=O)OC.COC1(OC)C(=O)C=CC=C1C=CC(C)=O,,COC(=O)C1CC2(C=CC(C)=O)C=CC1C(=O)C2(OC)OC
C=C(C)C(=C)C.C=C1CC(=O)OC1=O,,CC1=C(C)CC2(CC1)CC(=O)OC2=O
CCCCC=C(C=CC(C)NC(=O)C(Cl)(Cl)Cl)S(=O)C1=CC=C(C)C=C1.O=C1C=CC(=O)N1C1=CC=CC=C1,,CCCCC1C(S(=O)C2=CC=C(C)C=C2)=CC(C(C)NC(=O)C(Cl)(Cl)Cl)C2C(=O)N(C3=CC=CC=C3)C(=O)C12
COC1=CC=C2C3CC4=CC=C(OC)C(O)=C4C2(CCN3C)C1.CC1=CC(=O)C=C(Br)C1=O,,COC1=CC=C2CC3N(C)CCC4(CC5(OC)C=CC34C3C(=O)C=C(C)C(=O)C35Br)C2=C1O
C=C(C)C(=C)C.CC=CC=O,,CC1=C(C)CC(C=O)C(C)C1
COC(=O)C=C[N+](=O)[O-].C=CC1=CCCC2CC(=O)CCC12C,,COC(=O)C1CC=C2C(CCC3CC(=O)CCC23C)C1[N+](=O)[O-]
CCOC1=CC=C2C3CC4=CC=C(OC)C5=C4C2(CCN3C)C1O5.C=CC(C)=O,,CCOC12C=CC3(CC1C(C)=O)C1CC4=CC=C(OC)C5=C4C3(CCN1C)C2O5
N#CC(C#N)=C(C#N)C#N.CCOC(=O)C1=CC=CC12CC2,,CCOC(=O)C12C=CC(C(C#N)(C#N)C1(C#N)C#N)C21CC1
C=CC(=C)C.CC1=CC=C(S(=O)(=O)N2CC(=O)C3=CCCCC32)C=C1,,CC1=CCC23C(=O)CN(S(=O)(=O)C4=CC=C(C)C=C4)C2CCCC3C1
COC(=O)C=CC(=O)OC.C=C(CN(C)C)C(=C)CN(C)C,,COC(=O)C1CC(CN(C)C)=C(CN(C)C)CC1C(=O)OC
O=C1C=CC(=O)C2=C1C=CC=C2O.CC=C1C2=CCCN3C(=O)OC(C1O)C23,,CC1C2=C3C(CCN4C(=O)OC(C2O)C34)C2C(=O)C3=CC=CC(O)=C3C(=O)C12
CC1=NOC2(C=CC(=O)C=C2)C1.COC1=CC=C(C2=CC=C3CCCCC32C)C=C1,,COC1=CC=C(C23C=CC4(CCCCC42C)C2C3C(=O)C=CC23CC(C)=NO3)C=C1
C=CC(=O)OC.CC(C)(C)OC(=O)NC(C=CC1=CN(C(=O)OCC2=CC=CC=C2)CCC1)CCCCO[Si](C)(C)C(C)(C)C,,COC(=O)C1CC(C(CCCCO[Si](C)(C)C(C)(C)C)NC(=O)OC(C)(C)C)C=C2CCCN(C(=O)OCC3=CC=CC=C3)C21
C=C(C)C(=C)C.CC=COC1=CC(C)=CC(C)=C1,,CC1=C(C)CC(OC2=CC(C)=CC(C)=C2)C(C)C1
ClC1=C(Cl)C(Cl)(Cl)C(Cl)=C1Cl.C=CCOC1=CC=C(CCCCCCCC)C=C1,,CCCCCCCCC1=CC=C(OCC2CC3(Cl)C(Cl)=C(Cl)C2(Cl)C3(Cl)Cl)C=C1
O=C(O)C1=CCC(CCOC(=O)C2=CC=C(Cl)C=C2)C=C1.C=C(C)C=CC=C(Cl)C1=CC=C(C(=O)O)C=C1,,CC1=CC(C=C(Cl)C2=CC=C(C(=O)O)C=C2)C2(C(=O)O)C=CC(CCOC(=O)C3=CC=C(Cl)C=C3)CC2C1
CC1=CN(CC(C)C)P(=S)(C2=CC=CC=C2)C(C)=C1.O=C1C=CC(=O)N1C1=CC=CC=C1,,CC1=CC2(C)C3C(=O)N(C4=CC=CC=C4)C(=O)C3C1N(CC(C)C)P2(=S)C1=CC=CC=C1
O=C1C=CC(=O)O1.C=C(F)C(C)=CCCCC,,CCCCC1C(C)=C(F)CC2C(=O)OC(=O)C21
COC1(OC)C(Cl)=C(Cl)C(Cl)=C1Cl.COC(=O)C=CC(=O)OC,,COC(=O)C1C(C(=O)OC)C2(Cl)C(Cl)=C(Cl)C1(Cl)C2(OC)OC
O=C1C=CC(=O)O1.C=C(C)CC1=C(C=CCCCCCC)CC1,,C=C(C)CC12CCC1=CC(CCCCCC)C1C(=O)OC(=O)C12
C=C(C)C(=C)C.COC1=CC=CC=C1C=C1N=C(C2=CC=CC=C2)OC1=O,,COC1=CC=CC=C1C1CC(C)=C(C)CC12N=C(C1=CC=CC=C1)OC2=O
C=CC1=CC2(C)C(=NCC3=CC=CC=C3)OC(=O)N2C(=O)C1=CC.O=C1C=CC(=O)C=C1,,CC=C1C(=O)N2C(=O)OC(=NCC3=CC=CC=C3)C2(C)C2C1=CCC1C(=O)C=CC(=O)C12
CC=CC(=O)OC.C1=CCC=C1,,COC(=O)C1C2C=CC(C2)C1C
C1=CC=CC(=C2C=CC=CC3CC23)C=C1.N#CC(C#N)=C(C#N)C#N,,N#CC1(C#N)C2C=CC(C3CC3C2=C2C=CC=CC=C2)C1(C#N)C#N
C1=CC(COCC2=CC=CC=C2)C=C1.C=CC(=O)N1CCOC1=O,,O=C1OCCN1C(=O)C1CC2C=CC1C2COCC1=CC=CC=C1
CC=C1C=CC=C1.O=C1C=CC(=O)C=C1,,CC=C1C2C=CC1C1C(=O)C=CC(=O)C21
N#CC(C#N)=C(C#N)C#N.CC1=C(C)C(C)=C(C)C1,,CC1=C(C)C2(C)CC1(C)C(C#N)(C#N)C2(C#N)C#N
ClC1=C(Cl)C(Cl)(Cl)C(Cl)=C1Cl.C#CC1CC2C=CC1C2,,C#CC1CC2CC1C1C2C2(Cl)C(Cl)=C(Cl)C1(Cl)C2(Cl)Cl
C1=CCC=C1.N#CC=CC1=CC=CC=C1,,N#CC1C2C=CC(C2)C1C1=CC=CC=C1
C=CS(=O)(=O)C1=CC=CC=C1.COC(=O)N1C=CC=CC1,,COC(=O)N1CC2C=CC1C(S(=O)(=O)C1=CC=CC=C1)C2
C=CC(=O)C(C)(C)O.C1=C(C2=CCCCC2)CCCC1,,CC(C)(O)C(=O)C1CC2CCCCC2=C2CCCCC21
O=C1C=CC(=O)N1.C=CC1=COC(C2COC(C)(C)O2)CC1,,CC1(C)OCC(C2CCC3=CCC4C(=O)NC(=O)C4C3O2)O1
C=C(C)C(=C)C.N#CC(=CC1=CC=C([N+](=O)[O-])C=C1)S(=O)(=O)C(F)(F)C(F)(F)C(F)(F)C(F)(F)F,,CC1=C(C)CC(C#N)(S(=O)(=O)C(F)(F)C(F)(F)C(F)(F)C(F)(F)F)C(C2=CC=C([N+](=O)[O-])C=C2)C1
C=C(C)C(=C)C.O=[N+]([O-])C(F)=CC1=CC=CC=C1[N+](=O)[O-],,CC1=C(C)CC(F)([N+](=O)[O-])C(C2=CC=CC=C2[N+](=O)[O-])C1
O=C1C=CC(=O)O1.CC=CC=CC(CCC1OCCO1)OC(C)=O,,CC(=O)OC(CCC1OCCO1)C1C=CC(C)C2C(=O)OC(=O)C12
C=C(C)C(=C)C.C=C(C)C(=O)OCCCC,,CCCCOC(=O)C1(C)CCC(C)=C(C)C1
C=CC=O.C=CC1(C)CC=C(C(=C)C)CC1C(=C)C,,C=CC1(C)CC2C(=C(C)CCC2C=O)CC1C(=C)C
C1=CCC=C1.CC1(C)COC(=O)C1OC(=O)C=CBr,,CC1(C)COC(=O)C1OC(=O)C1C2C=CC(C2)C1Br
ClC12C=CC(CC1)C2.COC1(OC)C(Cl)=C(Cl)C(Cl)=C1Cl,,COC1(OC)C2(Cl)C(Cl)=C(Cl)C1(Cl)C1C2C2CCC1(Cl)C2
CC(=O)C=CC#N.C1=CCC=C1,,CC(=O)C1C2C=CC(C2)C1C#N
C=C1[CH2][Ge]([CH3])([CH3])[CH2]C1=C.O=C1C=CC(=O)O1,,[CH3][Ge]1([CH3])[CH2]C2=C(CC3C(=O)OC(=O)C3C2)[CH2]1
CC=C(C=CN(C)C)O[Si](C(C)C)(C(C)C)C(C)C.CC(=O)OC(C1=COC=C1)C1(C)CCC=CC1=O,,CC(=O)OC(C1=COC=C1)C1(C)CCC2C(C)C(O[Si](C(C)C)(C(C)C)C(C)C)=CC(N(C)C)C2C1=O
C=C1C(=C)C2C(=C)C(=C)C1C1OC21.N#CC(C#N)=C(C#N)C#N,,C=C1C(=C)C2C3=C(CC(C#N)(C#N)C(C#N)(C#N)C3)C1C1OC21
C1=CCC=C1.C=CC(=O)OC1CCCC1=O,,O=C1CCCC1OC(=O)C1CC2C=CC1C2
CC=CC=CNC(=O)OCC1=CC=CC=C1.CCOC1=NC2=CC=CC=C2C1=CC1=CC=CC=C1,,CCOC1=NC2=CC=CC=C2C12C(NC(=O)OCC1=CC=CC=C1)C=CC(C)C2C1=CC=CC=C1
BrC1=C(Br)C(Br)(Br)C(Br)=C1Br.O=C1C=CC(=O)N1C1=CC=C(SC2=CC=C(N3C(=O)C4C(C3=O)C3(Br)C(Br)=C(Br)C4(Br)C3(Br)Br)C=C2)C=C1,,O=C1C2C(C(=O)N1C1=CC=C(SC3=CC=C(N4C(=O)C5C(C4=O)C4(Br)C(Br)=C(Br)C5(Br)C4(Br)Br)C=C3)C=C1)C1(Br)C(Br)=C(Br)C2(Br)C1(Br)Br
COC(=O)C=CC(=O)OC.C=CC(=C)C,,COC(=O)C1CC=C(C)CC1C(=O)OC
CCOC(=O)C1=C2NC3=CC=CC=C3C23CCN(C(=O)OC(C)(C)C)C3C=C1.O=C1C=CC(=O)N1C1=CC=C(Br)C=C1,,CCOC(=O)C1=CC2C3C(=O)N(C4=CC=C(Br)C=C4)C(=O)C3C13NC1=C(C=CC=C1)C31CCN(C(=O)OC(C)(C)C)C21
C1=CCC=C1.C#CC(=O)C1=CC=CC=C1,,O=C(C1=CC2C=CC1C2)C1=CC=CC=C1
C=CC1=CCC2C(=O)C3=C(O)C=CC=C3C(=O)C2(C)C1C1=CC=C(F)C=C1.O=C1C=CC(=O)N1,,CC12C(=O)C3=CC=CC(O)=C3C(=O)C1CC1C(=CCC3C(=O)NC(=O)C31)C2C1=CC=C(F)C=C1
CN1C(=O)C=CC1=O.CC1=C(C=CC2CCCCC2)CC1,,CN1C(=O)C2C(C3CCCCC3)C=C3CCC3(C)C2C1=O
O=C1C=CC(=O)O1.C=CC=CC(CC)OC(C)=O,,CCC(OC(C)=O)C1C=CCC2C(=O)OC(=O)C21
CCOC(=O)C=CC=O.CC(C=CCO[Si](C1=CC=CC=C1)(C1=CC=CC=C1)C(C)(C)C)=CCC(C)C,,CCOC(=O)C1C(CC(C)C)C(C)=CC(CO[Si](C2=CC=CC=C2)(C2=CC=CC=C2)C(C)(C)C)C1C=O
C=C(C=CC1=CC=CC=C1[N+](=O)[O-])O[Si](C)(C)C(C)(C)C.O=C1C=CC(=O)N1,,CC(C)(C)[Si](C)(C)OC1=CC(C2=CC=CC=C2[N+](=O)[O-])C2C(=O)NC(=O)C2C1
C=CC(=O)OC1CCC2(C)C(C1)CC(OC(=O)C1=CC=C(C3=CC=CC=C3)C=C1)C1C2CC(OC(C)=O)C2(C)C(C(C)CCC(=O)OC)CCC12.C1=CCC=C1,,COC(=O)CCC(C)C1CCC2C3C(OC(=O)C4=CC=C(C5=CC=CC=C5)C=C4)CC4CC(OC(=O)C5CC6C=CC5C6)CCC4(C)C3CC(OC(C)=O)C12C
CCN1C(=O)C=CC1=O.C=CC=COC(C)=O,,CCN1C(=O)C2CC=CC(OC(C)=O)C2C1=O
C1=CCC=C1.C=C(C)C(=O)OC1CC(C)CCC1C(C)C,,CC1CCC(C(C)C)C(OC(=O)C2(C)CC3C=CC2C3)C1
C=CC(C)=COC1CC(C)CCC1C(C)C.O=C1C=CC(=O)O1,,CC1=CCC2C(=O)OC(=O)C2C1OC1CC(C)CCC1C(C)C
C=CC(=C)C.C=CC(=O)OC1CC(C)CCC1C(C)C,,CC1=CCC(C(=O)OC2CC(C)CCC2C(C)C)CC1
C=CC1=CCC2=C1C=CC=C2.N#CC(C#N)=C(C#N)C#N,,N#CC1(C#N)CC=C2C3=CC=CC=C3CC2C1(C#N)C#N
C(C=CC1=CC=CC=C1)=CC1=CC=CC=C1.O=C1C=CC(=O)N1C1=CC=C(S(=O)(=O)C2=CC=C(N3C(=O)C=CC3=O)C=C2)C=C1,,O=C1C=CC(=O)N1C1=CC=C(S(=O)(=O)C2=CC=C(N3C(=O)C4C(C5=CC=CC=C5)C=CC(C5=CC=CC=C5)C4C3=O)C=C2)C=C1
C1=CC2C=CCC2C=C1.CC1=C(C2=CC=CC=C2)C(C2=CC=CC=C2)=C(C)C1=O,,CC1=C(C2=CC=CC=C2)C2(C3=CC=CC=C3)C3C=CC(C4CC=CC43)C2(C)C1=O
CCCCC=C(C=CCO)S(=O)C1=CC=C(C)C=C1.COC(=O)C#CC(=O)OC,,CCCCC1C(S(=O)C2=CC=C(C)C=C2)=CC(CO)C(C(=O)OC)=C1C(=O)OC
C1=CCC=C1.C=C(C(C)=O)C1=CC=CC=C1,,CC(=O)C1(C2=CC=CC=C2)CC2C=CC1C2
CC1=CC(=O)C=C(C)C1=O.C=C(O[Si](C)(C)C(C)(C)C)C1=CC2C(C1)OC(=O)C2C,,CC1=CC(=O)C2CC(O[Si](C)(C)C(C)(C)C)=C3CC4OC(=O)C(C)C4C3C2(C)C1=O
CC=C(C)C(C)=CC.O=C1C=CC(=O)O1,,CC1=C(C)C(C)C2C(=O)OC(=O)C2C1C
COC(=O)C1=CC(F)(F)C1(F)Cl.C=C(C=COC)O[Si](C)(C)C,,COC(=O)C12C(OC)C=C(O[Si](C)(C)C)CC1C(F)(F)C2(F)Cl
CC1=CC=C(S(=O)(=O)OC2=CC=C(O)C3=C2C(=O)C=CC3=O)C=C1.C=CC=C(OC)O[Si](C)(C)C,,COC1(O[Si](C)(C)C)C=CCC2C(=O)C3=C(OS(=O)(=O)C4=CC=C(C)C=C4)C=CC(O)=C3C(=O)C21
COC1(OC)C=CC(=NC(=O)C2=CC=CC=C2)C=C1.C=CC=CO[Si](C)(C)C(C)(C)C,,COC1(OC)C=CC(=NC(=O)C2=CC=CC=C2)C2C(O[Si](C)(C)C(C)(C)C)C=CCC21
COC(=O)C1=CN(C2=CC=C(OC)C=C2)C(=O)C1=O.C=C(C=COC)O[Si](C)(C)C,,COC(=O)C12C(=O)C(=O)N(C3=CC=C(OC)C=C3)C1CC(O[Si](C)(C)C)=CC2OC
CC(=O)C=CC1=CC=CC=C1.C1=CCCC=C1,,CC(=O)C1C2C=CC(CC2)C1C1=CC=CC=C1
O=C1C=CC(=O)O1.C=CC=CCC(=O)OCC,,CCOC(=O)CC1C=CCC2C(=O)OC(=O)C12
COC(=O)C1=C(C2=CC=CC=C2)C(C2=CC=CC=C2)=C(C(=O)OC)C1=O.CC=CC=CC(=O)OCC,,CCOC(=O)C=CC1C(C)C2(C(=O)OC)C(=O)C1(C(=O)OC)C(C1=CC=CC=C1)=C2C1=CC=CC=C1
C1=CCC=C1.C=CC(=O)OCC1CCCN1CC1=CC=C(C)C=C1,,CC1=CC=C(CN2CCCC2COC(=O)C2CC3C=CC2C3)C=C1
C=C1CCCCC1=C.N#CC(C#N)=C(C#N)C#N,,N#CC1(C#N)CC2=C(CCCC2)CC1(C#N)C#N
O=C1C=CC(=O)C=C1.C=C(C=C(OCC)O[Si](C)(C)C)CCCCC,,CCCCCC1=CC(OCC)(O[Si](C)(C)C)C2C(=O)C=CC(=O)C2C1
C=CC(=O)OC.C=C(C)C=C[Si](C)(C)C,,COC(=O)C1CCC(C)=CC1[Si](C)(C)C
C=CC(=O)N1C(=O)OCC1CC1=CC=CC=C1.C=C(C=CCCCSC1=CC=CC=C1)CC,,CCC1=CC(CCCSC2=CC=CC=C2)C(C(=O)N2C(=O)OCC2CC2=CC=CC=C2)CC1
C=CC(C)=CO[Si](C)(C)C.O=C1C=C(Cl)C(=O)C=C1Cl,,CC1=CCC2C(=O)C(Cl)=CC(=O)C2(Cl)C1O[Si](C)(C)C
C1=CCC=C1.CC1=CC(=O)C(C)=C(S(=O)C(C)C)C1=O,,CC1=C(S(=O)C(C)C)C(=O)C2(C)C3C=CC(C3)C2C1=O
C=C(C)C(=C)C.CC(C)CN1C(=O)C=CC1=O,,CC1=C(C)CC2C(=O)N(CC(C)C)C(=O)C2C1
CC1=C(C2=CC=CC=C2)C(C2=CC=CC=C2)=C(C)C1=O.CC12C3=CC=CC=C3C(C3=CC=CC=C31)C1C=CC12,,CC12C(=O)C(C)(C(C3=CC=CC=C3)=C1C1=CC=CC=C1)C1C2C2C3C4=CC=CC=C4C(C)(C4=CC=CC=C43)C21
O=C1C=CC(=O)C2=C1C=CC=C2.C=CC=CCC1CC(NC(=O)C(F)(F)F)C(O)C(C)O1,,CC1OC(CC2C=CCC3C(=O)C4=CC=CC=C4C(=O)C23)CC(NC(=O)C(F)(F)F)C1O
C=CC(C)=O.C=CC(=C)CCC=C(C)C,,CC(=O)C1CC=C(CCC=C(C)C)CC1
N#CC(C#N)=C(C#N)C#N.C=C(C)C1(C)C(C)=C(C)C(C)=C1C,,C=C(C)C1(C)C2(C)C(C)=C(C)C1(C)C(C#N)(C#N)C2(C#N)C#N
C=CC(C=C)=CC1=CC=CC=C1.CC1=CC(=O)C2=C(C=CC(Br)=C2O)C1=O,,C=CC1=CCC2C(=O)C3=C(C=CC(Br)=C3O)C(=O)C2(C)C1C1=CC=CC=C1
C=CC(=C)C(C)CC.C=C,,CCC(C)C1=CCCCC1
CCOC(=O)C#CC(=O)OCC.C=CC1CC(C(=O)OCC)=C2C=CC(Br)=CN21,,C=CC1CC(C(=O)OCC)=C2C3C=C(Br)C(C(C(=O)OCC)=C3C(=O)OCC)N21
C=CC#N.C=C(C=CC)CCC=C(C)C,,CC(C)=CCCC1=CC(C)C(C#N)CC1
O=C1C=CC(=O)N1C1=CC=CC=C1.C=CC(=C)OCC1=CC=C(OC)C=C1,,COC1=CC=C(COC2=CCC3C(=O)N(C4=CC=CC=C4)C(=O)C3C2)C=C1
C1=CCC=C1.CCCC1(COC)C(=O)C=CC2CCCCC21,,CCCC1(COC)C(=O)C2C3C=CC(C3)C2C2CCCCC21
N#CCC1(O)C=CC(=O)C=C1.COC1=CC=C(C2=CC=C3CCCCC32C)C=C1,,COC1=CC=C(C23C=CC4(CCCCC42C)C2C3C(=O)C=CC2(O)CC#N)C=C1
C1=CCC=C1.CC1=C2C(CCS2(=O)=O)C2=C(C1)C(=O)C=CC2=O,,CC1=C2C(CCS2(=O)=O)C2=C(C1)C(=O)C1C3C=CC(C3)C1C2=O
C1=CCC=C1.C=CCC#CC=CC(=O)OCC,,CCOC(=O)C=CC#CCC1CC2C=CC1C2
C=C(C(=C)C1=CC=CC=C1)C1=CC=CC=C1.O=C1C=CC(=O)O1,,O=C1OC(=O)C2CC(C3=CC=CC=C3)=C(C3=CC=CC=C3)CC12
C=CC(=C)C.C=CC(=O)OC1CCCC12CCCC2NC(=O)C(C)(C)C,,CC1=CCC(C(=O)OC2CCCC23CCCC3NC(=O)C(C)(C)C)CC1
C=C(O[Si](C)(C)C)C(=C)O[Si](C)(C)C.C=C(O[Si](C)(C)C)C(C)=O,,CC(=O)C1(O[Si](C)(C)C)CCC(O[Si](C)(C)C)=C(O[Si](C)(C)C)C1
C=CC=O.C=CC=COC(=O)C(OC)C1=CC=CC=C1,,COC(C(=O)OC1C=CCCC1C=O)C1=CC=CC=C1
C=CC=COC.CC1=CC=C(S(=O)(=O)N2CC(O[Si](C)(C)C(C)(C)C)C=C(C(=O)OCC3=CC=CC=C3)C2=O)C=C1,,COC1C=CCC2C(O[Si](C)(C)C(C)(C)C)CN(S(=O)(=O)C3=CC=C(C)C=C3)C(=O)C12C(=O)OCC1=CC=CC=C1
C1=CCC=C1.COC(=O)C(C(C)C)N1C(=O)C=CC1=O,,COC(=O)C(C(C)C)N1C(=O)C2C3C=CC(C3)C2C1=O
C=CC(=C)C[Si](C)(C)C.O=C1C=CC(=O)O1,,C[Si](C)(C)CC1=CCC2C(=O)OC(=O)C2C1
COC(=O)C1=C(C2=CC=CC=C2)C(C2=CC=CC=C2)=C(C(=O)OC)C1=O.O=C1C=CC(=O)N1C1=CC=CC=C1,,COC(=O)C12C(=O)C(C(=O)OC)(C(C3=CC=CC=C3)=C1C1=CC=CC=C1)C1C(=O)N(C3=CC=CC=C3)C(=O)C12
C=CC(=C)C.O=C1C=C(C(=O)OCC2=CC=CC=C2)C1,,CC1=CCC2C(=O)CC2(C(=O)OCC2=CC=CC=C2)C1
C=C1CC(=O)OC1=O.C=CC(=C)CCC=C(C)CCC=C(C)C,,CC(C)=CCCC(C)=CCCC1=CCCC2(CC(=O)OC2=O)C1
C1=C(C2=CCCCC2)CCCC1.C=CC(=O)O,,O=C(O)C1CC2CCCCC2=C2CCCCC21
CC1=CC(=O)C=C(C)C1=O.CC=CC=CO[Si](C)(C)C(C)(C)C,,CC1=CC(=O)C2C(C)C=CC(O[Si](C)(C)C(C)(C)C)C2(C)C1=O
CC1=CC(=O)C=C(C)C1=O.CC=CC=CO[Si](C)(C)C(C)(C)C,,CC1=CC(=O)C2C(C)C=CC(O[Si](C)(C)C(C)(C)C)C2(C)C1=O
O=C1C=CC(=O)N1C1=CC=CC=C1.C=CC(C=O)=CB1OC(C)(C)C(C)(C)O1,,CC1(C)OB(C2C(C=O)=CCC3C(=O)N(C4=CC=CC=C4)C(=O)C32)OC1(C)C
CC1=C(C2=CC=CC=C2)C(C2=CC=CC=C2)=C(C)C1=O.C1=CC(=C(C2=CC=CC=C2)C2=CC=CC=C2)C=C1,,CC12C(=O)C(C)(C(C3=CC=CC=C3)=C1C1=CC=CC=C1)C1C(=C(C3=CC=CC=C3)C3=CC=CC=C3)C=CC12
COC(=O)C1=CC(=O)C=CC1=O.C=CC(=CC)O[Si](C)(C)C,,COC(=O)C12CC=C(O[Si](C)(C)C)C(C)C1C(=O)C=CC2=O
N#CC(C#N)=C(C#N)C#N.C=C1C(=C)C2OC1C(=C)C2=C,,C=C1C(=C)C2OC1C1=C2CC(C#N)(C#N)C(C#N)(C#N)C1
C#C[Si](C)(C)C.C=CC=CC=CC1=CC=CS1,,C[Si](C)(C)C1=CC(C=CC2=CC=CS2)C=CC1
O=[N+]([O-])C=CC1=CC=C2C=CC=CC2=C1.C=CC=C1OCCN1C,,CN1CCOC12C=CCC(C1=CC=C3C=CC=CC3=C1)C2[N+](=O)[O-]
C=CSC1=CC=CC=C1.COC1(OC)C=C(C#N)C=CC1=O,,COC1(OC)C(=O)C2C=C(C#N)C1CC2SC1=CC=CC=C1
C=CC=CC1=CC=C2OCCOCCOCCOCCOCCOC2=C1.O=C1C=CC(=O)N1C1=CC=CC=C1,,O=C1C2CC=CC(C3=CC=C4OCCOCCOCCOCCOCCOC4=C3)C2C(=O)N1C1=CC=CC=C1
C=C(C)C(=C)C.CCCCC#CC#CCCCC,,CCCCC#CC1=C(CCCC)CC(C)=C(C)C1
C=CC1=CC2=C(OC)C=C(CCCCC)C=C2OC1(C)C.O=C1C=CC(=O)O1,,CCCCCC1=CC(OC)=C2C(=C1)OC(C)(C)C1=CCC3C(=O)OC(=O)C3C12
COC1=CC=C(N2C(=O)C(=CC=CC3=CC=CC=C3)C2C2=CC=CC=C2)C=C1.N#CC(C#N)=C(C#N)C#N,,COC1=CC=C(N2C(=O)C3(C=CC(C4=CC=CC=C4)C(C#N)(C#N)C3(C#N)C#N)C2C2=CC=CC=C2)C=C1
CC1=CC=C(S(=O)(=O)N2CC(C3=CC=CC=C3)OC23C=C(C(C)(C)C)C=CC3=O)C=C1.C=CC=O,,CC1=CC=C(S(=O)(=O)N2CC(C3=CC=CC=C3)OC23C(=O)C2C=C(C(C)(C)C)C3CC2C=O)C=C1
C#CC(=O)OCC.CCC=CC(=CC1=CC=C(F)C=C1)C1=CC=CC=C1NC(C)=O,,CCOC(=O)C1=CC(CC)C=C(C2=CC=CC=C2NC(C)=O)C1C1=CC=C(F)C=C1
O=C1C=CCCO1.COCOC=CC=CC(=O)OC,,COCOC1C=CC(C(=O)OC)C2CCOC(=O)C12
CC(=O)OC1=CC=CC2=C1C(=O)C=C(Br)C2=O.C=CC1=CC(OC(C)=O)=CC(C)(C)C1,,CC(=O)OC1=CC(C)(C)CC2=CCC3C(=O)C4=C(OC(C)=O)C=CC=C4C(=O)C3(Br)C21
O=C1C=CC2C3C=CC(C3)C12.C=C(O[Si](C)(C)C(C)(C)C)C1=CCCCC1,,CC(C)(C)[Si](C)(C)OC1=C2CCCCC2C2C(=O)C3C4C=CC(C4)C3C2C1
C=CC=CNC(=O)OCC(=O)[O-].CC(=O)NC1=CC=C(N2C(=O)C=CC2=O)C=C1,,CC(=O)NC1=CC=C(N2C(=O)C3CC=CC(NC(=O)OCC(=O)[O-])C3C2=O)C=C1
ClC1=C(Cl)C(Cl)(Cl)C(Cl)=C1Cl.CC(=O)OCN1C(=O)C2CC=CCC2C1=O,,CC(=O)OCN1C(=O)C2CC3C(CC2C1=O)C1(Cl)C(Cl)=C(Cl)C3(Cl)C1(Cl)Cl
C1=CCC=C1.O=C1C(Cl)=C(Cl)C(=O)N1C1=CC=C(Cl)C(Cl)=C1,,O=C1N(C2=CC=C(Cl)C(Cl)=C2)C(=O)C2(Cl)C3C=CC(C3)C12Cl
C=CC=O.C=C1CCCC(C)(C)C1=C,,CC1(C)CCCC2=C1CCC(C=O)C2
C=CCOCC=CC(=C)C([Si](C)(C)C(C)(C)C)[Si](C)(C)C(C)(C)C.C=CC(=O)N1CCOC1=O,,C=CCOCC1C=C(C([Si](C)(C)C(C)(C)C)[Si](C)(C)C(C)(C)C)CCC1C(=O)N1CCOC1=O
C=CC=COC(C)=O.C=C(C)C=O,,CC(=O)OC1C=CCCC1(C)C=O
C=CC(=O)OC.C=C(C=COC)CSC1=CC=CC=C1,,COC(=O)C1CCC(CSC2=CC=CC=C2)=CC1OC
C=C(C=CCC)C([Si](CC)(CC)CC)[Si](CC)(CC)CC.C=C(C)C(=O)C1=CC=CC=C1,,CCC1C=C(C([Si](CC)(CC)CC)[Si](CC)(CC)CC)CCC1(C)C(=O)C1=CC=CC=C1
CC1(C)OC(=O)C(=C2CCC3(CC2)OCCO3)C(=O)O1.C=CC(=C)O[Si](C)(C)C,,CC1(C)OC(=O)C2(CC=C(O[Si](C)(C)C)CC23CCC2(CC3)OCCO2)C(=O)O1
C=C(C)C(=C)C.O=C1C=CS(=O)N1,,CC1=C(C)CC2C(C1)C(=O)NS2=O
C=C(C)C(=C)C.CC=CC1=C(C)C=CC=C1C,,CC1=C(C)CC(C2=C(C)C=CC=C2C)C(C)C1
CCN1C(=O)C=CC1=O.CC=C(C)C=CCOCC1=CC=CC=C1,,CCN1C(=O)C2C(COCC3=CC=CC=C3)C=C(C)C(C)C2C1=O
C1=CCC=C1.CC(C)=CC(=O)C=CCl,,CC(C)=CC(=O)C1C2C=CC(C2)C1Cl
O=C1C=CC(=O)N1C1=CC=CC=C1.COC=CC1=CC(=O)C2=C1C=CC=C2,,COC1C=C2C3=CC=CC=C3C(=O)C2C2C(=O)N(C3=CC=CC=C3)C(=O)C12
C1=CCC=C1.CC1=CC=C(S(=O)C=CC#N)C=C1,,CC1=CC=C(S(=O)C2C3C=CC(C3)C2C#N)C=C1
COC1=CC=C(C=CC(C)C)C=C1.C=CC(=C)C,,COC1=CC=C(C2CC=C(C)CC2C(C)C)C=C1
C=CC=CCCC.O=C1C=CC(=O)O1,,CCCC1C=CCC2C(=O)OC(=O)C12
C=CC(=C)C.N#CC1=CCCC1=O,,CC1=CCC2(C#N)C(=O)CCC2C1
CC1=CN(C(C)C)P(=O)(C2=CC=CC=C2)C(C)=C1.O=C1C=CC(=O)N1C1=CC=CC=C1,,CC1=CC2(C)C3C(=O)N(C4=CC=CC=C4)C(=O)C3C1N(C(C)C)P2(=O)C1=CC=CC=C1
C1=CCC=C1.O=C1C=CC(=O)C(SC2=CC=CC=C2)=C1,,O=C1C=C(SC2=CC=CC=C2)C(=O)C2C3C=CC(C3)C12
CC=CC=CCO.O=C1C=CC(=O)N1CC1CCCCC1,,CC1C=CC(CO)C2C(=O)N(CC3CCCCC3)C(=O)C12
CC=C1N=C(C2=CC=CC=C2)OC1=O.C=C(C=COC)O[Si](C)(C)C,,COC1C=C(O[Si](C)(C)C)CC(C)C12N=C(C1=CC=CC=C1)OC2=O
C=CC=O.C=CC1=CC(O[Si](C)(C)C(C)(C)C)CC1(C)O,,CC1(O)CC(O[Si](C)(C)C(C)(C)C)C2C1=CCCC2C=O
COC(C=CC=O)OC.C=C(C)C(=C)C,,COC(OC)C1CC(C)=C(C)CC1C=O
C=CC1=CCCC(OCCO[Si](C)(C)C(C)(C)C)C1(C)C.CC1=COC2=C1C(=O)C(=O)C=C2,,CC1=COC2=C1C(=O)C(=O)C1C3CCC(OCCO[Si](C)(C)C(C)(C)C)C(C)(C)C3=CCC21
